filename,text,voice_type
chapter4_9_cyrenely_101.wav,嗯……,小昔涟
chapter4_9_cyrenely_102.wav,嗯…？,小昔涟
chapter4_9_cyrenely_103.wav,哈哈，我就想看你的反应。来，告诉你吧——,小昔涟
chapter4_9_cyrenely_104.wav,——是这张牌？它的名字叫「救世主」。,小昔涟
chapter4_9_cyrenely_105.wav,唔…那一大长串解读，我就不给你念了吧？,小昔涟
chapter4_9_cyrenely_106.wav,简单来说，这张牌的意思就是…你会成为被所有人崇拜的英雄，用你手里的剑保护世界，从可怕的敌人手中救下很多、很多的人！如何，很棒吧？,小昔涟
chapter4_9_cyrenely_107.wav,…怎么啦？这可是张好牌呀。,小昔涟
chapter4_9_cyrenely_108.wav,哈哈……,小昔涟
chapter4_9_cyrenely_109.wav,那，小英雄…如果有一天，我们必须和哀丽秘榭说再见了，你会愿意成为「救世主」吗？,小昔涟
chapter4_9_cyrenely_110.wav,嗯，如果发生了那种事…也就代表世界必须有人去拯救了。,小昔涟
chapter4_9_cyrenely_111.wav,……,小昔涟
chapter4_9_cyrenely_112.wav,哈哈，我在逗你玩呢~放心吧，哀丽秘榭可是很和平的，坏人绝对找不到我们。,小昔涟
chapter4_9_cyrenely_113.wav,你要回家了吗…要是不着急，我们再去和小妖精们玩玩，好不好？,小昔涟
chapter4_9_cyrenely_114.wav,嘻嘻…真有干劲呀。那我们走吧……,小昔涟
chapter4_9_cyrenely_115.wav,希望这个世界，永远不需要「救世主」呀。,小昔涟
vo_ambient_w4_v340_greeting_cyrene_101.wav,呼…呼…嘻，逗你的，我可没睡哦。,小昔涟
vo_ambient_w4_v340_greeting_cyrene_102.wav,这边这边，你看！水面上的倒影，是不是特别可爱？,小昔涟
vo_ambient_w4_v340_greeting_cyrene_103.wav,嗨，见到你真高兴！是来找人家玩的吗？,小昔涟
vo_ambient_w4_v340_greeting_cyrene_105.wav,喜欢这样悠闲的时光吗？我很喜欢哦，美好的一天，从见到你开始。,小昔涟
vo_ambient_w4_v340_greeting_cyrene_106.wav,别心急，我们还有好多好多时间。慢慢来，时光会为我们停下脚步。,小昔涟
vo_ambient_w4_v340_greeting_cyrene_107.wav,这朵花送给你！它就像少女的心房，要用心呵护哦。,小昔涟
vo_ambient_w4_v340_greeting_cyrene_108.wav,小奇美拉，怎么小小一只呢？快快长大，让我看看你会变得多可爱吧。,小昔涟
vo_ambient_w4_v340_greeting_cyrene_109.wav,嗯…哪里去了呢？偷偷躲在哪个小角落里，等着我去找呢？,小昔涟
vo_ambient_w4_v340_greeting_cyrene_110.wav,软乎乎的小海豹，在水池里一摇一摆，嘟嘟的，嘟嘟的…真是可爱到不行~,小昔涟
vo_ambient_w4_v340_greeting_cyrene_111.wav,好可爱的奇美拉！得给它起个甜甜的名字才行，你有什么主意吗？,小昔涟
vo_ambient_w4_v340_greeting_cyrene_112.wav,把种子埋进土里，等待它发芽，开出软软的花，就像是在守候一个小小的奇迹。,小昔涟
vo_ambient_w4_v340_greeting_cyrene_113.wav,水面有动静了！快快，把鱼竿提起来，拜托啦！,小昔涟
vo_ambient_w4_v340_greeting_cyrene_114.wav,嗯？这么没防备地睡着了…可是会被坏人盯上的，要小心哦。,小昔涟
vo_ambient_w4_v340_greeting_cyrene_115.wav,呀，我可以抓紧你吗…大地兽不会突然跑起来，把人家甩出去吧？,小昔涟
vo_ambient_w4_v340_greeting_cyrene_117.wav,瞧！这个稻草人的模样，是不是和你特别像？我可是观察了好久才做出来的。,小昔涟
vo_ambient_w4_v340_greeting_cyrene_118.wav,哦，你喜欢这里的风景呀？让我也好好看看，记下你喜欢的地方~,小昔涟
vo_ambient_w4_v340_greeting_cyrene_119.wav,风车转呀转，转得好慢好慢，仿佛连时间也停下来了呢。,小昔涟
vo_ambient_w4_v340_greeting_cyrene_120.wav,呼~感觉有点困了…是时候闭上眼睛，去梦里相见啦……,小昔涟
vo_ambient_w4_v340_greeting_cyrene_121.wav,好舒服的风呀，真希望生活每天都能像海面一样平静。,小昔涟
vo_ambient_w4_v340_greeting_cyrene_122.wav,这片麦田可是我们的宝贝，不能随便踩进去哦。会把希望踩坏的。,小昔涟
vo_ambient_w4_v340_greeting_cyrene_123.wav,真有意思呢，你这么一说，人家都想去实地看看啦。只是，要你来当向导！,小昔涟
vo_ambient_w4_v340_greeting_cyrene_126.wav,风铃叮叮当当，就像是怦怦的心跳，好浪漫呀。,小昔涟
vo_ambient_w4_v340_greeting_cyrene_127.wav,想听故事吗？我有好多好多，可以一个个讲给你听。条件只有一个——要仔细听，好吗？,小昔涟
vo_ambient_w4_v340_greeting_cyrene_128.wav,故乡是很让人怀念，可更重要的，是迈出向前的脚步，对吧？,小昔涟
vo_ambient_w4_v340_greeting_cyrene_129.wav,（均匀的呼吸声）,小昔涟
vo_ambient_w4_v380_broadcast_cyrene_101.wav,小小一只的奇美拉，快快在爱里长大吧♪,小昔涟
chapter3_17_memberA_101.wav,放过我吧……,小昔涟
chapter3_17_memberA_102.wav,鬼、鬼啊！别…别过来……,小昔涟
chapter3_17_memberA_103.wav,放过我吧，放过我吧…我一生积德行善，怎么死了还不得安息……,小昔涟
chapter3_17_memberA_104.wav,你、你还和看不见的东西聊得有来有回，我不是死了是什么？呜，呜呜…我就不该作死挑战禁忌，尝试在梦里入睡…好奇心害死皮皮西啊！,小昔涟
chapter3_17_memberA_105.wav,别、别再问了！会把怪物引来的，死去的人全部都在这里，全部…！,小昔涟
chapter3_17_memberA_106.wav,别说出那名字！都怪你，它、它们来了！,小昔涟
chapter4_13_mem_101.wav,小蝶真是心灵手巧，人家也想学……,小昔涟
chapter4_13_mem_102.wav,都这么多天啦，我和蝶已经是好朋友了！,小昔涟
chapter4_13_mem_103.wav,那你先来，我给你加油！,小昔涟
chapter4_13_mem_104.wav,说明人家正在成长哦！有没有可能，等我拥有了戳羊毛毡的记忆，就会长出和小蝶一样漂亮的手……,小昔涟
chapter4_13_mem_105.wav,太失礼啦！怎么能对女孩子说这种话呢？,小昔涟
chapter4_13_mem_106.wav,开个玩笑！不过，人家相信，这次来神悟树庭，一定也会收获满满。,小昔涟
chapter4_13_mem_107.wav,真期待呀…不知道人家又会产生怎样的变化？,小昔涟
chapter4_13_mem_108.wav,对，不仅外表可爱，还要走实力派路线！,小昔涟
chapter4_13_mem_109.wav,这么喜欢可爱的小动物吗？莫非…你是很在意外貌的类型？,小昔涟
chapter4_13_mem_110.wav,哎呀，你喊那么大声干嘛啦！,小昔涟
chapter4_13_mem_111.wav,小…狗…？怎么连物种都变了！不应该是小小咪吗？,小昔涟
chapter4_13_mem_113.wav,这只是个比喻啦，比喻。,小昔涟
chapter4_13_mem_114.wav,大家想呀，这世界上到处都留下了许多回忆，里面肯定也有小缇安妈妈的身影。,小昔涟
chapter4_13_mem_116.wav,…只要小缇安别再叫粉色小狗，人家就答应你哦！,小昔涟
chapter4_13_mem_117.wav,嗯！这还差不多…不过，虽然刚才随口说了个名字，但人家到底是什么物种？,小昔涟
chapter4_13_mem_118.wav,算了，不管是什么，人家说话算话！既然小缇安打起精神了，那我们出发吧？,小昔涟
chapter4_13_mem_119.wav,「经纬小径」…这名字有什么含义吗？,小昔涟
chapter4_13_mem_121.wav,不过，这棵巨大的树究竟是……,小昔涟
chapter4_13_mem_122.wav,不过，学院是这么安静的地方吗？,小昔涟
chapter4_13_mem_123.wav,无论如何…我们先在附近转转，探探情况吧。,小昔涟
chapter4_13_mem_124.wav,即便不是求学者，都已经走到这里了，还是没见人出来接引我们呀……,小昔涟
chapter4_13_mem_125.wav,真是的…别这么快放弃，至少也像只小兔子一样挣扎一下吧。,小昔涟
chapter4_13_mem_126.wav,咦，大家快看，那边——有什么东西冒出来了？,小昔涟
chapter4_13_mem_127.wav,仙女木…这些小家伙，名字还真可爱。,小昔涟
chapter4_13_mem_128.wav,死去仙女木……,小昔涟
chapter4_13_mem_129.wav,人家试试看。迷…迷迷……,小昔涟
chapter4_13_mem_130.wav,马上……,小昔涟
chapter4_13_mem_131.wav,哎呀，你不要和人家一起用力，分心啦…！,小昔涟
chapter4_13_mem_132.wav,……,小昔涟
chapter4_13_mem_133.wav,「黑色」…「斗篷」…还有「利剑」……,小昔涟
chapter4_13_mem_134.wav,「向大树」……,小昔涟
chapter4_13_mem_135.wav,…唔，没有了。它们的记忆很稀薄，连画面都没有，只能听到这几个模糊的词。,小昔涟
chapter4_13_mem_136.wav,这是什么…野兽吗？还是「死亡」泰坦的眷属？,小昔涟
chapter4_13_mem_137.wav,啊，等等……,小昔涟
chapter4_13_mem_138.wav,那里…黑色的…好像动起来了？,小昔涟
chapter4_13_mem_139.wav,可是，这些黑乎乎的家伙…不该出现在这里吧？,小昔涟
chapter4_13_mem_140.wav,而且，阿格莱雅说那位那刻夏还活着，那其他人应该也有希望……,小昔涟
chapter4_13_mem_141.wav,…不过这人到底是谁？总觉得大家对他有一种莫名的信任？,小昔涟
chapter4_13_mem_142.wav,嗯？好伙伴，你也遇到过什么麻烦吗？,小昔涟
chapter4_13_mem_143.wav,啊？这种人还在这里搞研究…你们刚才不是说，树庭是围绕泰坦建立的学院嘛？,小昔涟
chapter4_13_mem_144.wav,可连这种*新思想*也…看来这位{RUBY_B#理性之泰坦}瑟希斯{RUBY_E#}确实宽容。,小昔涟
chapter4_13_mem_146.wav,小缇安真有干劲…人家也不能被落下哪。,小昔涟
chapter4_13_mem_147.wav,就用人家才有的，{RUBY_B#岁月之泰坦}欧洛尼斯{RUBY_E#}的力量，来帮各位好伙伴的忙！,小昔涟
chapter4_13_mem_148.wav,嗅嗅…会有记忆的气息吗？,小昔涟
chapter4_13_mem_149.wav,或许能找到有价值的记忆——人家试试看。,小昔涟
chapter4_13_mem_150.wav,迷…迷迷……,小昔涟
chapter4_13_mem_151.wav,不行…人家什么也没看到。,小昔涟
chapter4_13_mem_152.wav,让人家来看看……,小昔涟
chapter4_13_mem_153.wav,啊…扎到人家了！而且什么都没有……,小昔涟
chapter4_13_mem_154.wav,这只怪物或许承载了有用的记忆……,小昔涟
chapter4_13_mem_155.wav,……,小昔涟
chapter4_13_mem_156.wav,好吧…是人家想多了。,小昔涟
chapter4_13_mem_157.wav,呜，人家尽力了…怎么一点点记忆都看不到呢？,小昔涟
chapter4_13_mem_158.wav,既然是命运三泰坦的造物，那说不定能借{RUBY_B#岁月之泰坦}欧洛尼斯{RUBY_E#}的眼睛找到窍门……,小昔涟
chapter4_13_mem_159.wav,迷…？！,小昔涟
chapter4_13_mem_160.wav,吓人家一跳！你…是记忆的回声？,小昔涟
chapter4_13_mem_161.wav,阿那克…那刻…哎，算了，还是叫你那刻夏吧。现在，你能回答……,小昔涟
chapter4_13_mem_162.wav,这个人，好难相处呀！,小昔涟
chapter4_13_mem_163.wav,「炼金术」还能做到这种事？,小昔涟
chapter4_13_mem_164.wav,怎么又接住人家的话了…你真是记忆的回声吗？,小昔涟
chapter4_13_mem_165.wav,又、又突然消失了？他说完了？,小昔涟
chapter4_13_mem_166.wav,启蒙王座…这是个什么地方？学院为什么会有王座？,小昔涟
chapter4_13_mem_167.wav,喔…不过，往好处想，那听起来倒像是个易守难攻的地方。,小昔涟
chapter4_13_mem_168.wav,如果真是这样，我想大家，还有那刻夏，肯定会没事的！,小昔涟
chapter4_13_mem_169.wav,呀，门能打开了！原来那道讯息还是个门锁呀。,小昔涟
chapter4_13_mem_170.wav,什、什么声音？,小昔涟
chapter4_13_mem_171.wav,咦……,小昔涟
chapter4_13_mem_172.wav,好像没人啊…刚才那歌声是幻觉吗？,小昔涟
chapter4_13_mem_173.wav,又来了！这次声音是在……,小昔涟
chapter4_13_mem_174.wav,…判断不出来，这图书馆也回声太大啦！,小昔涟
chapter4_13_mem_175.wav,人家知道！再说了，又不是人家在唱歌……,小昔涟
chapter4_13_mem_176.wav,你怎么还干过这个…？,小昔涟
chapter4_13_mem_177.wav,心脏怎么可能说话——而且它都不亮！人家觉得，肯定是有什么超自然的存在在捣鬼……,小昔涟
chapter4_13_mem_178.wav,空气怎么可能说话啦。人家觉得，肯定是有什么超自然的存在在捣鬼……,小昔涟
chapter4_13_mem_179.wav,仙女木…又是刚才那样的，死去仙女木的影子吗？,小昔涟
chapter4_13_mem_180.wav,慢、慢一点，不要打草惊蛇！,小昔涟
chapter4_13_mem_181.wav,哇——谁——？！,小昔涟
chapter4_13_mem_182.wav,嗯…这就…谈拢了？,小昔涟
chapter4_13_mem_183.wav,她有，但是好伙伴，我忍住了！,小昔涟
chapter4_13_mem_184.wav,这也是一道无比珍贵的记忆呀。,小昔涟
chapter4_13_mem_185.wav,…小卡，你说话也太难懂了。总而言之，就是要我们把那朵花取来嘛？,小昔涟
chapter4_13_mem_186.wav,什么意思，你是要缠上我们，把我们永远关在这里嘛？,小昔涟
chapter4_13_mem_187.wav,「验验成色」…这种理由也太直接了吧。,小昔涟
chapter4_13_mem_188.wav,有蝶在，好让人放心呀。那人家也得开动脑筋——,小昔涟
chapter4_13_mem_189.wav,嗯？宝珠映出的时空…生着睡莲呢。,小昔涟
chapter4_13_mem_190.wav,这花看起来软蓬蓬的…嘿，我跳！,小昔涟
chapter4_13_mem_191.wav,哇…原来花是这样长出来的呀！,小昔涟
chapter4_13_mem_192.wav,呀？！小卡，人家的心脏本来就小小一颗，你别突然冒出来吓人家好不好…这都第二次了！,小昔涟
chapter4_13_mem_193.wav,这回又是「粉色小兔子」了吗？人家的物种还真是包容万象呢……,小昔涟
chapter4_13_mem_194.wav,喔…真的亮了！,小昔涟
chapter4_13_mem_195.wav,怎么区别对待呀，是怕人家太聪明，问出颠覆整个翁法罗斯的问题吗？,小昔涟
chapter4_13_mem_196.wav,呃…原来你根本用不着水车啊。,小昔涟
chapter4_13_mem_197.wav,不是吧…你到底对我们了解到什么程度？,小昔涟
chapter4_13_mem_198.wav,呼，终于能呼吸到新鲜空气了！,小昔涟
chapter4_13_mem_199.wav,嘶，吹得人家毛冷飕飕的……,小昔涟
chapter4_13_mem_200.wav,我…哎，算了，小狗就小狗，包容——包容！,小昔涟
chapter4_13_mem_201.wav,小卡，来认识一下我们的另一位同伴吧！,小昔涟
chapter4_13_mem_202.wav,嗯？她去哪儿了……,小昔涟
chapter4_13_mem_203.wav,可能是…那位那刻夏用「炼金术」留下的，想教我们做事？,小昔涟
chapter4_13_mem_204.wav,对泰坦说「我爱你」就可以吗？那迷迷很擅长哦！,小昔涟
chapter4_13_mem_205.wav,啊这…可前方是死路呀？,小昔涟
chapter4_13_mem_206.wav,没事…好伙伴，人家没事…！只是人家的身子…稍微有点点烫…！,小昔涟
chapter4_13_mem_207.wav,不过…你们要是别让人家变成这些小东西嘴里的点心，就更好了…！,小昔涟
chapter4_13_mem_208.wav,对不起，人家不该说你们是小东西…！,小昔涟
chapter4_13_mem_209.wav,那就…拜托大家了…！,小昔涟
chapter4_13_mem_210.wav,趁还没熟透…人家先想想该怎么谢罪…呜呜……,小昔涟
chapter4_13_mem_211.wav,{RUBY_B#做得好，伙伴…！}咕嘟咕嘟咕嘟……{RUBY_E#},小昔涟
chapter4_13_mem_212.wav,{RUBY_B#人家感觉…凉快多了…！}咕嘟咕嘟咕嘟咕嘟……{RUBY_E#},小昔涟
chapter4_13_mem_213.wav,毛发…正在烘干……,小昔涟
chapter4_13_mem_214.wav,天上飘来睡莲了…好厉害！大家是不是可以走上去？,小昔涟
chapter4_13_mem_215.wav,才、才不是…这是人家表达歉意的甜美舞蹈…！,小昔涟
chapter4_13_mem_216.wav,好暖和…好舒服……,小昔涟
chapter4_13_mem_217.wav,哈哈…那一定是人家忍不住释放的优雅魅力吧？,小昔涟
chapter4_13_mem_218.wav,终于来了，伙伴！等你们很久了……,小昔涟
chapter4_13_mem_219.wav,我们，包夹它们吧！一起让这些不懂得怜香惜玉的家伙，尝尝人家滚烫的致命引力！,小昔涟
chapter4_13_mem_220.wav,人家现在热得发烫……,小昔涟
chapter4_13_mem_221.wav,手感有七分…不，九分甚至十分火热呀…！,小昔涟
chapter4_13_mem_222.wav,精准而优雅，简直不费吹灰之力…这也算得上是挑战嘛？,小昔涟
chapter4_13_mem_223.wav,…开个玩笑！人家只是想感叹一下，{NICKNAME}和小蝶两人每次面对危机都能轻松化解呢。,小昔涟
chapter4_13_mem_224.wav,太谦虚啦好伙伴！那人家就勉为其难当第二，小蝶当第一吧。,小昔涟
chapter4_13_mem_225.wav,哦，对！对不起，忘记小缇安了。,小昔涟
chapter4_13_mem_226.wav,真是的，人家最讨厌说话说一半的家伙了！,小昔涟
chapter4_13_mem_227.wav,唔，接下来…把它献给蝴蝶就可以了？,小昔涟
chapter4_13_mem_228.wav,什、什么情况？你？泰坦本尊？,小昔涟
chapter4_13_mem_229.wav,啊，人家搞明白了！所以，你是想借我们之手，把自己的火种再拼起来，还能救活那刻夏！,小昔涟
chapter4_13_mem_230.wav,啊，这……,小昔涟
chapter4_13_mem_231.wav,伙伴们，你们感觉到了吗？,小昔涟
chapter4_13_mem_232.wav,这里的记忆，味道十分强烈……,小昔涟
chapter4_13_mem_233.wav,…这是蔺草、飞沙和烈日才有的味道。,小昔涟
chapter4_13_mem_234.wav,啊……,小昔涟
chapter4_13_mem_235.wav,这个人，它就是刚才那缕味道、回忆的源头…不，它简直就是回忆本身！,小昔涟
chapter4_13_mem_236.wav,燃烧的仙境、破碎的太阳，还有……,小昔涟
chapter4_13_mem_237.wav,…杀戮、死亡和毁灭。,小昔涟
chapter4_13_mem_238.wav,大家…快逃！只有我们…只有我们是赢不了它的……,小昔涟
chapter4_13_mem_239.wav,她人呢？火种还没拼好吗！,小昔涟
chapter4_13_mem_240.wav,你终于来了，想死你了！,小昔涟
chapter4_17_mem_101.wav,哦……,小昔涟
chapter4_17_mem_102.wav,难道…在说人家？,小昔涟
chapter4_17_mem_103.wav,是说把黑色的家伙，丢到过去，再关起来吗？因为有记忆碎片，开启入口当然没问题，可剩下的……,小昔涟
chapter4_17_mem_105.wav,是的！感受到大家热切的目光了吗？这么重大的场合，可不能让他们失望呀！,小昔涟
chapter4_17_mem_106.wav,拜托啦，感受到大家热烈的目光了吗？这么重大的场合，可不能让他们失望呀！,小昔涟
chapter4_17_mem_107.wav,拜托啦，感受到大家热烈的目光了吗？这么重大的场合，可不能让他们失望呀！,小昔涟
chapter4_17_mem_108.wav,太好啦！人家还怕你生迷迷的气呢。,小昔涟
chapter4_18_mem_101.wav,那……,小昔涟
chapter4_18_mem_103.wav,我是认真的哦！你对翁法罗斯具有特别的意义，这点大家都心知肚明。而{RUBY_B#岁月之泰坦}欧洛尼斯{RUBY_E#}……,小昔涟
chapter4_18_mem_104.wav,把我投射到这世上、让我拥有了这幅身体的，不就是那个{RUBY_B#岁月之泰坦，欧洛尼斯}比孩子都任性的泰坦宝宝{RUBY_E#}嘛！,小昔涟
chapter4_5_mem_101.wav,……,小昔涟
chapter4_5_mem_102.wav,…声音？谁？那个？哪个？,小昔涟
chapter4_5_mem_103.wav,…冷静。冷静。这次。下次？,小昔涟
chapter4_5_mem_104.wav,…谁？是谁？你…我…我是谁？,小昔涟
chapter4_5_mem_105.wav,…核？星？谁？你…我…我是谁？,小昔涟
chapter4_5_mem_106.wav,…睡觉？好？不好？你…我…我是谁？,小昔涟
chapter4_5_mem_107.wav,…碎了。迷失。想要…完整。,小昔涟
chapter4_5_mem_108.wav,…睡吧。睡去。打扰…不该。,小昔涟
chapter4_7_mem_101.wav,你看，三千万世…是不是感觉离「永远」已经很近了？人家可是确确实实失去了这么久的昔涟的记忆哦。,小昔涟
chapter4_7_mem_102.wav,是你。是我。去哪？带你。,小昔涟
chapter4_7_mem_103.wav,记忆。你的。窥探？好奇。,小昔涟
chapter4_7_mem_104.wav,未来？过去。洞察。秘密……,小昔涟
chapter4_7_mem_105.wav,哪里？这里。,小昔涟
chapter4_7_mem_106.wav,记忆。遗忘，错乱。,小昔涟
chapter4_7_mem_107.wav,我们。迷惑，解开。,小昔涟
chapter4_7_mem_108.wav,记忆，偏差？无误。真实。,小昔涟
chapter4_7_mem_109.wav,深层，埋藏。遗忘。遗忘……,小昔涟
chapter4_7_mem_110.wav,……？,小昔涟
chapter4_7_mem_111.wav,你是？我是…是谁？,小昔涟
chapter4_7_mem_112.wav,目光，注视。窗外，冰冷。,小昔涟
chapter4_7_mem_113.wav,你…温暖。温暖，喜欢。,小昔涟
chapter4_7_mem_114.wav,疑惑…相同。答案，未知。,小昔涟
chapter4_7_mem_115.wav,名字？我的？不记得。,小昔涟
chapter4_7_mem_116.wav,迷迷…称呼，暂时。,小昔涟
chapter4_7_mem_117.wav,母亲？是谁？不记得。,小昔涟
chapter4_7_mem_118.wav,名字？我的？不记得。,小昔涟
chapter4_7_mem_119.wav,迷迷…称呼，临时。,小昔涟
chapter4_7_mem_120.wav,旅行，喜欢。和你，一起？,小昔涟
chapter4_7_mem_121.wav,记忆…收集。拼凑，完整。,小昔涟
chapter4_7_mem_122.wav,多利…尼卡？泰坦？,小昔涟
chapter4_7_mem_123.wav,需要，记忆。帮助…我会。,小昔涟
chapter4_7_mem_124.wav,坏人。麻烦。帮助，需要。,小昔涟
chapter4_7_mem_125.wav,一起…伙伴？,小昔涟
chapter4_7_mem_126.wav,战斗…同伴，一起！,小昔涟
chapter4_7_mem_127.wav,胜利，胜利！,小昔涟
chapter4_7_mem_128.wav,强大，伙伴！,小昔涟
chapter4_7_mem_129.wav,消失，暂时。,小昔涟
chapter4_7_mem_130.wav,记忆，存在…一直。,小昔涟
chapter4_7_mem_131.wav,离开…到了，时间。,小昔涟
chapter4_7_mem_132.wav,记忆，存在…一直。,小昔涟
chapter4_7_mem_133.wav,告别。时间，还有。,小昔涟
chapter4_7_mem_134.wav,伙伴，遗憾…不留。,小昔涟
chapter4_7_mem_135.wav,泰坦，过往…迷雾。,小昔涟
chapter4_7_mem_136.wav,收集。过去…复现。,小昔涟
chapter4_7_mem_137.wav,着急，不必！我会。教你。,小昔涟
chapter4_8_mem_101.wav,宠物。迷迷——不是！,小昔涟
chapter4_8_mem_102.wav,记忆…气味，浓烈。,小昔涟
chapter4_8_mem_103.wav,追踪，找到。往日…重现。,小昔涟
chapter4_8_mem_104.wav,迷迷，相信。跟上，伙伴！,小昔涟
chapter4_8_mem_105.wav,宠物，不是！,小昔涟
chapter4_8_mem_106.wav,迷迷，相信。跟上，伙伴！,小昔涟
chapter4_8_mem_107.wav,这里。这里！,小昔涟
chapter4_8_mem_108.wav,记忆，诗歌…收集！,小昔涟
chapter4_8_mem_109.wav,这样，完成。记忆，收集。,小昔涟
chapter4_8_mem_110.wav,味道，浓烈…继续，下一个！,小昔涟
chapter4_8_mem_111.wav,这里。这里！,小昔涟
chapter4_8_mem_112.wav,记忆，工匠…收集！,小昔涟
chapter4_8_mem_113.wav,迷迷，有办法！,小昔涟
chapter4_8_mem_114.wav,帮助，伙伴！回忆…找回来！,小昔涟
chapter4_8_mem_115.wav,这样，完成。记忆，收集。,小昔涟
chapter4_8_mem_116.wav,味道，浓烈…继续，下一个！,小昔涟
chapter4_8_mem_117.wav,记忆，观察。幸福…带去！,小昔涟
chapter4_8_mem_118.wav,这里。这里！,小昔涟
chapter4_8_mem_119.wav,记忆，照片…收集！,小昔涟
chapter4_8_mem_120.wav,完成。记忆，收集。,小昔涟
chapter4_8_mem_121.wav,味道，浓烈…继续，下一个！,小昔涟
chapter4_8_mem_122.wav,记忆…收集，完成！,小昔涟
chapter4_8_mem_123.wav,悬锋…前往！帮助，伙伴！,小昔涟
chapter4_8_mem_124.wav,伙伴，相信！出发，悬锋！,小昔涟
chapter4_8_mem_125.wav,过来，跟上！,小昔涟
chapter4_8_mem_126.wav,记忆…味道，浓烈！,小昔涟
chapter4_8_mem_127.wav,这里，记忆，完整。交给我，碎片。,小昔涟
chapter4_8_mem_128.wav,往世…由我，复现。,小昔涟
chapter4_8_mem_129.wav,记忆，完整。交给我，碎片。,小昔涟
chapter4_8_mem_130.wav,往世…复现，由我。,小昔涟
chapter4_8_mem_131.wav,碎片，完整。记忆…涌现。,小昔涟
chapter4_8_mem_132.wav,往世，入口…打开！,小昔涟
chapter4_9_mem_101.wav,……,小昔涟
chapter4_9_mem_102.wav,离开，伙伴？回去，一起？,小昔涟
chapter4_9_mem_104.wav,哎呀…困了吗？人家看你，眼皮都快睁不开啦。,小昔涟
chapter4_9_mem_105.wav,困了就睡吧，呼呼、呼呼…不过，这城里是没有黑夜吗？有点睡不着呀……,小昔涟
chapter4_9_mem_106.wav,哎——被这么盯着，人家也是会害羞的哦？,小昔涟
chapter4_9_mem_107.wav,是我身上的毛打结了吗？还是耳朵…耳朵挺好的呀？你看，它们还会一抖一抖的。,小昔涟
chapter4_9_mem_108.wav,…啊，对哦！人家竟然能蹦出完整的句子了！,小昔涟
chapter4_9_mem_109.wav,喂喂喂——喂喂喂——能流畅说话的感觉，好棒啊！不过…原来我的说话风格这么成熟吗？第一人称代词竟然是…「人家」？,小昔涟
chapter4_9_mem_110.wav,个性…？你总是会说些人家听不懂的话，很调皮呢！,小昔涟
chapter4_9_mem_111.wav,就是就是，太不公平了！对不对？,小昔涟
chapter4_9_mem_112.wav,又不是人家想这样的，你不许评价！,小昔涟
chapter4_9_mem_113.wav,算啦算啦，我向来是很包容的。一旦习惯了这种设定…感觉也还不错？,小昔涟
chapter4_9_mem_114.wav,嗯，话虽如此…有关自己的事，还是记不起来一点呢。真头疼呀。,小昔涟
chapter4_9_mem_115.wav,但是人家有种预感！——只要继续收集散落在翁法罗斯的记忆，就会有非常非常好的事发生。,小昔涟
chapter4_9_mem_116.wav,该怎么说呢…反正就是有种感觉，这个世界对于人家很重要！,小昔涟
chapter4_9_mem_117.wav,嘻嘻，那我就是主角身边最好的伙伴！要多给我点镜头哦？,小昔涟
chapter4_9_mem_118.wav,人家不是狗！也不是宠物！是……,小昔涟
chapter4_9_mem_119.wav,…呃，是什么呢？算啦，反正肯定是很重要的角色！,小昔涟
chapter4_9_mem_120.wav,嘻嘻，那我就是主角身边最好的伙伴！要多给我点镜头哦？,小昔涟
chapter4_9_mem_121.wav,啊…好像有点困了呢。光芒好温和，照得身上的毛都暖洋洋的，想睡觉……,小昔涟
chapter4_9_mem_122.wav,呼呼…呼呼……,小昔涟
chapter4_9_mem_123.wav,你醒啦~再不醒，人家都怕巨人的光把你给晒熟啦！,小昔涟
chapter4_9_mem_124.wav,你在说什么呢，人家可不会干那种事！,小昔涟
chapter4_9_mem_125.wav,唔…转念一想，人家上次吃东西是多久之前的事了？记不起来……,小昔涟
chapter4_9_mem_126.wav,你在说什么呢！再怎么说，人家也是个…是个可爱的小动物呀！,小昔涟
chapter4_9_mem_127.wav,嗯？这么一想…人家上次吃东西是多久之前的事了？记不起来……,小昔涟
vo_syss_mem_v300_01.wav,哎呀，你的表情好严肃！,小昔涟
vo_syss_mem_v300_02.wav,不知道！人家正呼呼呢，一睁眼就到这儿来了。既然你也在，难道说……,小昔涟
vo_syss_mem_v300_03.wav,完全不知道！人家正呼呼呢，一睁眼就到这儿来了。既然你也在，难道说……,小昔涟
vo_syss_mem_v300_04.wav,纸片？哪有，这不还是毛茸茸的嘛！你摸摸看？,小昔涟
vo_syss_mem_v300_05.wav,发生了什么？人家正呼呼呢，一睁眼就到这儿来了。既然你也在，难道说……,小昔涟
vo_syss_mem_v300_06.wav,是我们心有灵犀，在梦里相见了？,小昔涟
vo_syss_mem_v300_07.wav,好可爱！心有灵犀！！,小昔涟
vo_syss_mem_v300_08.wav,不知道！反正弄不清，先当成心有灵犀吧！,小昔涟
vo_syss_mem_v300_09.wav,啊？为什么！说这种话，就算人家不可能讨厌你，但也是会伤心的哦！,小昔涟
vo_syss_mem_v300_10.wav,虽然完全没有头绪，但人家好喜欢这个故事。人们说，梦是欧洛尼斯垂下的帷幕，这有没有可能是它送出的礼物？毕竟那位泰坦和我一样，特别喜欢你呢。,小昔涟
vo_syss_mem_v300_11.wav,睡前故事，喜欢！念给人家听！,小昔涟
vo_syss_mem_v300_12.wav,{NICKNAME}，变灰了！别怕，人家会夸夸你，施展粉红色的魔法哦！,小昔涟
vo_syss_mem_v300_13.wav,当然，不仅有奖励，还有许多人家的鼓励哦！夸夸你！,小昔涟
vo_syss_mem_v300_14.wav,人家有种预感，刚才那颗漂亮的星星，也许就是带来故事的宝物。在今后的旅途中，我们还会遇见好多好多。,小昔涟
vo_syss_mem_v300_15.wav,所以睁大眼睛，一起来读书吧！我们要收集好多好多睡前故事，然后——{NICKNAME}，你来念给人家听！,小昔涟
vo_syss_mem_v300_16.wav,{NICKNAME}，我有点好奇，以前，你们的旅行是走走停停的吗？,小昔涟
vo_syss_mem_v300_17.wav,这样啊。那看来，翁法罗斯的忙碌日子也要暂时告一段落了。有空就在浴宫泡泡澡吧！香喷喷的！,小昔涟
vo_syss_mem_v300_18.wav,好有活力！但人家总觉得，翁法罗斯的忙碌日子似乎要暂时告一段落了。这样也好，步调慢下来，生活才更放松。,小昔涟
vo_syss_mem_v300_19.wav,好深奥的发言呢。人家总觉得，翁法罗斯的忙碌日子似乎要暂时告一段落了。这样也好，生活就是既有命中注定，也有许多突然的奇遇。,小昔涟
vo_syss_mem_v300_20.wav,接下来，可能会一段时间没有新的故事了。,小昔涟
vo_syss_mem_v300_21.wav,为了这些特别的故事，人家会耐心等待哦，就在梦里…你也会回来的，对不对？,小昔涟
vo_syss_mem_v300_22.wav,人家也好急！但现在能做的，似乎也只有耐心等待了，就在梦里…你也会回来的，对不对？,小昔涟
vo_syss_mem_v300_23.wav,什么本？也是书吗？{NICKNAME}又开始说人家听不懂的话了！,小昔涟
vo_syss_mem_v300_24.wav,但为了这些特别的故事，人家会耐心等待哦，就在梦里…你也会回来的，对不对？,小昔涟
vo_syss_mem_v300_25.wav,谢谢你呀，听着{NICKNAME}讲故事，人家就会开心起来。即便这件事不是每天都会发生，但人家会一直期待下去。再会，{NICKNAME}！,小昔涟
vo_syss_mem_v300_26.wav,人家注意你好久了，一动不动地，是在发呆吗？睡着了吗？还是说，有什么心事？,小昔涟
vo_syss_mem_v300_27.wav,怎么又在发呆？还是说，是想和我聊聊天？,小昔涟
vo_syss_mem_v300_28.wav,呀，超级主动的发言！人家都怦怦心跳了呢。,小昔涟
vo_syss_mem_v300_29.wav,嗯哼，那你继续思考吧，我不问，嘻嘻。,小昔涟
vo_syss_mem_v300_30.wav,看来{NICKNAME}也和人家一样，是个内心细腻，又想象力丰富的孩子呢。,小昔涟
vo_syss_mem_v300_31.wav,那我们一起来胡思乱想吧！放空、放空…让思绪飘向远方……,小昔涟
vo_syss_mem_v300_32.wav,呀！眼睫毛动了一下，被我发现了！你明明没在睡觉！！,小昔涟
vo_syss_mem_v300_33.wav,真是的，累了的话，就去休息呀。快去快去，我会来浴宫检查的哦。,小昔涟
vo_syss_mem_v300_34.wav,偷看？怎么会呢，人家是在注视着你！睁大眼睛，注视！,小昔涟
vo_syss_mem_v300_35.wav,因为这里太不可思议了，万一你遇见了什么危险，人家可怎么办呀……,小昔涟
vo_syss_mem_v300_36.wav,这么晚了，还不睡呀？人家是该为深夜偶遇感到高兴，还是担心你作息不健康？,小昔涟
vo_syss_mem_v300_37.wav,这是哪个地区的正常作息呀…这可不行。虽然你长得好看，但也要注意保养。,小昔涟
vo_syss_mem_v300_38.wav,哎呀，怎么还自豪起来了，人家可没在夸你呢。,小昔涟
vo_syss_mem_v300_39.wav,不可以不眠！皮肤会变差的，还会水肿！水肿哦！！,小昔涟
vo_syss_mem_v300_40.wav,人家已经很困啦，你看，睫毛都要打结了……,小昔涟
vo_syss_mem_v300_41.wav,不过，如果你有什么心事，真的睡不着…别担心，人家会一直陪着你的。,小昔涟
vo_syss_mem_v300_42.wav,夜晚那么长，千万别让自己孤单。笑一笑，好吗？,小昔涟
vo_syss_mem_v310_101.wav,哎呀——是新的故事？{NICKNAME}，怎么自己悄悄看呢？人家也要一起。,小昔涟
vo_syss_mem_v310_102.wav,有故事的地方就有迷迷，难道人家是「记忆精灵」吗？可这个称呼不够可爱……,小昔涟
vo_syss_mem_v310_103.wav,要不…粉色记忆精灵？,小昔涟
vo_syss_mem_v310_104.wav,真的吗？那等下讲故事的时候，人家可是会听得很认真的！,小昔涟
vo_syss_mem_v310_105.wav,不！可！以！敲你的小脑袋哦！用粉红色的魔杖敲！,小昔涟
vo_syss_mem_v310_106.wav,你知道吗？奥赫玛到处都是迈德漠斯的传闻，这个人身上充满了故事…「王子」都是这样的吗？,小昔涟
vo_syss_mem_v310_107.wav,据说很久以前，他们俩打过一场，花了十天十夜，结果是不分胜负。,小昔涟
vo_syss_mem_v310_108.wav,要人家说，一定是因为两人各有所长。力量、体质、军略，是迈德漠斯更胜一筹，但白厄更全面均衡，更重视技巧，而且——运气也很好！,小昔涟
vo_syss_mem_v310_109.wav,难分伯仲呢…此外，坊间似乎还流传着「万敌是王座级强者」的说法。虽然不明白是什么意思，但某种程度上，也说明他的实力深不可测吧。,小昔涟
vo_syss_mem_v310_110.wav,人家也很好奇！不死之身实在是很难解释呢，要是他的手臂不小心掉了下来…难道会变成「不死的手臂」吗？,小昔涟
vo_syss_mem_v310_111.wav,哎呀，对不起，对不起嘛！肯定是假的啦！,小昔涟
vo_syss_mem_v310_112.wav,呀，画面出现在脑袋里了！不行不行，快讲点别的！,小昔涟
vo_syss_mem_v310_113.wav,听别人说，其实他的异能并非「不死」，而是「拒绝死亡」…即使受到致命伤，也能违抗塞纳托斯的召唤，强硬地从亡者的国度归还。真是不可思议的力量呢。,小昔涟
vo_syss_mem_v310_114.wav,嘘——这个要悄悄说，人家好不容易才打听到的，可不能被别人听走了，只告诉{NICKNAME}一个人哦？,小昔涟
vo_syss_mem_v310_115.wav,据说是非常严苛的训练呢…每天要绕着圣城跑一万圈，还要深蹲一万次，还要硬拉一万组，还有…还有很多「一万个」！人家得再想想……,小昔涟
vo_syss_mem_v310_116.wav,不会吧！你怎么这么肯定呀！,小昔涟
vo_syss_mem_v310_117.wav,不过，有关迈德漠斯的传闻也太多了。如果都是真的，他恐怕连吃饭的时间都没有吧？,小昔涟
vo_syss_mem_v310_118.wav,也不知道是谁在传这些话，真是迷雾重重呢，对吧？,小昔涟
vo_syss_mem_v310_119.wav,哇…是新同伴的故事吗？那位很像是…很像是什么的学士……,小昔涟
vo_syss_mem_v310_120.wav,不能以貌取人！人家想起来了，是魔术师啦……,小昔涟
vo_syss_mem_v310_121.wav,那个…没听懂哎。不过你是想逗人家开心，对吧？,小昔涟
vo_syss_mem_v310_122.wav,是…魔法少男！也配合你一下，嘻嘻！,小昔涟
vo_syss_mem_v310_123.wav,啊对了，人家想起来了，是魔术师啦……,小昔涟
vo_syss_mem_v310_124.wav,在逐火之旅的议题上，他似乎一直持反对意见，是因为不相信神谕吧…「这世界都是假的，只有我才是真实的」……,小昔涟
vo_syss_mem_v310_125.wav,考考你，{NICKNAME}——你觉得那刻夏和我们是什么关系？,小昔涟
vo_syss_mem_v310_126.wav,同道…这么说好像也没错。,小昔涟
vo_syss_mem_v310_127.wav,这、这么针锋相对吗？不至于，不至于……,小昔涟
vo_syss_mem_v310_128.wav,树庭变成了这样，似乎没时间学习啦……,小昔涟
vo_syss_mem_v310_129.wav,{NICKNAME}，你是不是饿了呀……,小昔涟
vo_syss_mem_v310_130.wav,虽然理念完全不同，但他执着的性格倒是和英雄们如出一辙。阿格莱雅也会默许黄金裔去那刻夏那里求学，「好对手就是好伙伴」，大家应该相当认可这点吧。,小昔涟
vo_syss_mem_v310_131.wav,嘿嘿，但我和{NICKNAME}不一样。我们站在一起，就是最好的伙伴！,小昔涟
vo_syss_mem_v310_132.wav,都是很久很久以前的故事呀…有些没听够呢。,小昔涟
vo_syss_mem_v310_133.wav,呀！这么说，人家忘了一个很重要的问题！{NICKNAME}现在多大啦？,小昔涟
vo_syss_mem_v310_134.wav,怎么会，完全看不出来！相比真实年龄，你也太成熟了吧…怎么人家就是小小一只呢？,小昔涟
vo_syss_mem_v310_135.wav,又在逗人家！那{NICKNAME}会变成白发苍苍的{F#老奶奶}{M#老爷爷}吗？突然有点好奇…真想见识一下！,小昔涟
vo_syss_mem_v310_136.wav,这怎么可以！那人家还怎么准备礼物？编也要编一个嘛！,小昔涟
vo_syss_mem_v310_137.wav,不过…嘻嘻，人家会很开心，刚刚踏入这个世界，就遇到了{NICKNAME}。,小昔涟
vo_syss_mem_v310_138.wav,这样我生命中的每一个瞬间，都会被{NICKNAME}记录下来。如果以后要为我著书，能写厚厚一大本呢！,小昔涟
vo_syss_mem_v310_139.wav,怎么会？一起留下回忆，不是会有更多话题吗？,小昔涟
vo_syss_mem_v310_140.wav,嘻嘻，这种话术骗不到人家。只看{NICKNAME}的眼睛就知道，你是个很单纯的人。,小昔涟
vo_syss_mem_v310_141.wav,那人家会更开心哦？说明值得留念的瞬间太多，都记不过来啦！,小昔涟
vo_syss_mem_v310_142.wav,呀！{NICKNAME}，这个时间了，有没有好好吃饭？,小昔涟
vo_syss_mem_v310_143.wav,什么体质都不行，要认真吃饭！你不会在偷偷减肥吧，人家觉得完全不需要哦？,小昔涟
vo_syss_mem_v310_144.wav,好可爱！还从没听过这种演奏，{NICKNAME}表演的话，一定很悦耳！,小昔涟
vo_syss_mem_v310_145.wav,啊？这…别开这种玩笑，会吓到人家的！,小昔涟
vo_syss_mem_v310_146.wav,人家在消食，想找你去散步呢。中午的阳光很好，你试试就知道，特别舒服！,小昔涟
vo_syss_mem_v310_147.wav,一过来就看见你在笑…呀，因为休息日吗？是不是一下就猜对啦？,小昔涟
vo_syss_mem_v310_148.wav,是吧？人家也好喜欢和{NICKNAME}一起看书，静悄悄地，仿佛时间停止了流动，特别让人安心。,小昔涟
vo_syss_mem_v310_149.wav,{NICKNAME}，平时一定很辛苦吧…那人家也一起——休息日万岁！,小昔涟
vo_syss_mem_v310_150.wav,嘻嘻，{NICKNAME}笑起来确实很好看，和人家一样。,小昔涟
vo_syss_mem_v310_151.wav,对了，干脆来做个约定吧——只要我们还在一起，无论遇见多大的困难，都要提醒对方笑一笑，好吗？答应人家嘛。,小昔涟
vo_syss_mem_v310_152.wav,虽然是听过的故事…但{NICKNAME}来讲，还是那么引人入胜。,小昔涟
vo_syss_mem_v310_153.wav,嘻嘻，下次别自己说，想要夸夸，就暗示一下，人家马上接话！,小昔涟
vo_syss_mem_v310_154.wav,嗯哼，可睡前故事不就是这样的吗？大家一遍又一遍地听，也一遍一遍讲给别人…所以「故事」才会口口相传嘛。,小昔涟
vo_syss_mem_v310_155.wav,我倒是不介意呢，一直盼望着新的故事，生活也会变得多彩起来……,小昔涟
vo_syss_mem_v310_156.wav,不过人家可以顺着你说，嘻嘻——还不是因为断章！,小昔涟
vo_syss_mem_v310_157.wav,说什么呢！自己讲睡前故事，不就完全睡不着了吗？如果是要哄{NICKNAME}睡觉，人家的呼呼声更管用哦。,小昔涟
vo_syss_mem_v310_158.wav,突然想到…这本书的扉页，是不是缺了点什么？,小昔涟
vo_syss_mem_v310_159.wav,…对了，是名字！是不是该把咱们的名字也写上去？,小昔涟
vo_syss_mem_v310_160.wav,就…先写上「{NICKNAME}」，空出来一点点，再写上「迷迷」！以后，你还可以在中间加上别的字，比方说…,小昔涟
vo_syss_mem_v310_161.wav,这是什么意思…你要解释清楚，是笑话人家，还是见到人家开心？,小昔涟
vo_syss_mem_v310_162.wav,…哎呀，现在不许笑！快回答人家的问题。,小昔涟
vo_syss_mem_v310_163.wav,对！不过…好像不用写也可以？,小昔涟
vo_syss_mem_v310_164.wav,哎呀，人家懂了，这是{NICKNAME}的「关系认证」。好，那就都听你的！,小昔涟
vo_syss_mem_v310_165.wav,呀…{NICKNAME}，突然这么主动，人家会手足无措的！,小昔涟
vo_syss_mem_v310_166.wav,但是很棒，我喜欢这个，人家也想{NICKNAME}！,小昔涟
vo_syss_mem_v310_167.wav,…能想出这个字，{NICKNAME}真的是个天才呢。,小昔涟
vo_syss_mem_v310_168.wav,但你怎么把人家的名字都改了！回去仔细看一眼选项呀！,小昔涟
vo_syss_mem_v310_169.wav,看得好入迷呀，你喜欢这些牌吗——抢答，人家特别喜欢！,小昔涟
vo_syss_mem_v310_170.wav,…人家就不问发生过什么了。,小昔涟
vo_syss_mem_v310_171.wav,但是放心，在奥赫玛，{NICKNAME}是受人敬仰的大英雄！人家会把你的名字，传到每一个人的耳朵里。,小昔涟
vo_syss_mem_v310_172.wav,和睡前故事一样，是欧洛尼斯的礼物？哎呀，这么说来……,小昔涟
vo_syss_mem_v310_173.wav,是否会有一天，{NICKNAME}的样子也会出现在这本书中呢？永远永远，被很多很多人看到。,小昔涟
vo_syss_mem_v310_174.wav,嘻嘻！人家猜到了哦？没想到吧。「你坏心思好多」——人家才不会这么说。,小昔涟
vo_syss_mem_v310_175.wav,{NICKNAME}很喜欢这个故事呢，已经读过三遍啦。,小昔涟
vo_syss_mem_v310_176.wav,嗯哼，当然！其他事我也记得哦？比如你翻开这本书的次数，在每一页停留的时长…全都有好好记下来！,小昔涟
vo_syss_mem_v310_177.wav,趁人不注意，背着人家偷偷…唔…算了，就让你保留些神秘感吧！,小昔涟
vo_syss_mem_v310_178.wav,也许这就是「故事」的魅力吧，让人流连忘返……,小昔涟
vo_syss_mem_v310_179.wav,这么说来，{NICKNAME}会在意回忆的真实性吗？你想哦，一段记忆被反复回想，肯定会逐渐朦胧，或是被美化…总之，变得很不一样。,小昔涟
vo_syss_mem_v310_180.wav,但是，如果一段记忆能以「更美」的样子被记住，是不是…不算一件坏事呢？,小昔涟
vo_syss_mem_v320_101.wav,哎呀！{NICKNAME}的睫毛在颤抖哦？是那种心里在想事情的表情！,小昔涟
vo_syss_mem_v320_102.wav,犯规！怎么突然学人家说话？不过…要精通妖精的密语，可没那么简单，要一直一直呆在一起，才能掌握门道哦？,小昔涟
vo_syss_mem_v320_103.wav,但现在——先来翻开新的一页，人家想和你一起看新的故事！,小昔涟
vo_syss_mem_v320_104.wav,人家喜欢听故事，更喜欢听{NICKNAME}讲故事！不过，要给人家留几个到睡前再讲哦？,小昔涟
vo_syss_mem_v320_105.wav,这样呀，但人家也很喜欢这样的故事——想想看，那些我们都喜欢的美好结局，不总是故事里的大家仍在继续生活，「还没有迎来结局」吗？,小昔涟
vo_syss_mem_v320_106.wav,大家的故事都好深奥，我的脑袋要转不过来了！{NICKNAME}会懂吗？「神」到底是什么呢？,小昔涟
vo_syss_mem_v320_107.wav,不对吧…如果是这样，为什么还有那么多奇奇怪怪的神呢？ 如果有一位「让迷迷永不掉毛之神」，它也算是无所不能吗？,小昔涟
vo_syss_mem_v320_108.wav,呀！听上去还真可怜呢，至少…永远不能满怀期待听故事了吧？,小昔涟
vo_syss_mem_v320_109.wav,听起来好奇怪！而且，还是很熟悉的语气！{NICKNAME}的过去果然很不一般……,小昔涟
vo_syss_mem_v320_110.wav,哇哦！也可以这么说啦，那{NICKNAME}就当人家的神吧，要保佑我哦？,小昔涟
vo_syss_mem_v320_111.wav,不过，人家还是不太懂，那就换一个问法吧——,小昔涟
vo_syss_mem_v320_112.wav,神和我们应该还是有区别的吧？不然大家为什么会想成为神呢？,小昔涟
vo_syss_mem_v320_113.wav,被掌控！难道我们现在也…呀，如果是因为被掌控才遇到了{NICKNAME}，那人家倒是不讨厌被掌控呢！,小昔涟
vo_syss_mem_v320_114.wav,这…可是，在过去的故事里，泰坦们也有自己的痛苦吧？因为它们的痛苦更…怎么说呢…更大？这样，反而会变得更容易忍受吗？,小昔涟
vo_syss_mem_v320_115.wav,对吧对吧！仔细想想，根本没有非得成为神才能做的事，多奇怪呀……,小昔涟
vo_syss_mem_v320_116.wav,问来问去，人家更摸不着头脑了，还是等我长大一些，再来找{NICKNAME}聊这种话题吧！,小昔涟
vo_syss_mem_v320_117.wav,小蝶…直到最后一刻，才发现她和传闻里完全不一样呢。,小昔涟
vo_syss_mem_v320_118.wav,人家很好奇…大家都是这样的吗？有着别人不知道的另一面？{NICKNAME}也是一样？,小昔涟
vo_syss_mem_v320_119.wav,呀…虽然人家也没有证据，但确实有类似的感觉呢！,小昔涟
vo_syss_mem_v320_120.wav,不是一回事吧！人家也不知道怎么概括，应该说是…「真正的自己」？,小昔涟
vo_syss_mem_v320_121.wav,人家才刚出生不久，当然不会啦！就算以后…总该有「永远不变」的人吧？,小昔涟
vo_syss_mem_v320_122.wav,等{NICKNAME}的故事结束吗？那人家再也不好奇了，不要结束嘛……,小昔涟
vo_syss_mem_v320_123.wav,不过，人家现在也没有刨根问底的心情…小蝶的故事迈向下一阶段了，有种说不上来的感觉，既像悲伤，又像欣慰……,小昔涟
vo_syss_mem_v320_124.wav,如果有人问起我们，该怎么讲述她的故事呢？,小昔涟
vo_syss_mem_v320_125.wav,{NICKNAME}来说的话，的确很可信呢！人家也很想被她抱抱呀。,小昔涟
vo_syss_mem_v320_126.wav,好像太模糊了，不过…就听你的吧，陪她走完了最后一程，你才更了解小蝶嘛。,小昔涟
vo_syss_mem_v320_127.wav,嗯！人家也这么觉得！也许，这就是我刚才说不出的感受……,小昔涟
vo_syss_mem_v320_128.wav,是为了安慰人家吗？其实没关系啦……,小昔涟
vo_syss_mem_v320_129.wav,以后的故事里，{NICKNAME}也不用为了人家，有意避开任何结局哦？,小昔涟
vo_syss_mem_v320_130.wav,即便每个人的故事都有结局，人家也还是想让一切重新开始。,小昔涟
vo_syss_mem_v320_131.wav,唔…{NICKNAME}，你这次在梦里怎么不是毛茸茸的了…,小昔涟
vo_syss_mem_v320_132.wav,不行…不行！早安可是很重要的，要再认真点！跟着人家念——早，上，好！早上好哦！,小昔涟
vo_syss_mem_v320_133.wav,咦！{NICKNAME}怎么知道的？人家的梦，真的总是「金灿灿」的哦？,小昔涟
vo_syss_mem_v320_134.wav,虽然很漂亮，但偶尔会让人家怕怕的…还好一醒来就看到{NICKNAME}啦！,小昔涟
vo_syss_mem_v320_135.wav,呀！这不重要啦…人家在梦里，也会更像{NICKNAME}的样子呢。只是互相照照镜子，多好呀！,小昔涟
vo_syss_mem_v320_136.wav,嘻嘻！想看到人家惊讶的样子吗？{NICKNAME}等了人家一千年，人家只会很开心呀！,小昔涟
vo_syss_mem_v320_137.wav,虽然还没睡醒，但很少能在早上见到{NICKNAME}呢。不是一天将要结束，也不是偶然遇到……,小昔涟
vo_syss_mem_v320_138.wav,…我们是要一起开始一整天！一想到这个，人家的心都开始跳个不停了呢！,小昔涟
vo_syss_mem_v320_139.wav,{NICKNAME}…怎么了？看起来好累…是生病了吗？快让人家碰碰额头！,小昔涟
vo_syss_mem_v320_140.wav,这样呀，辛苦了呢。人家都说，摸摸毛茸茸的东西就会变轻松，来试试看吧！,小昔涟
vo_syss_mem_v320_141.wav,嘻嘻，那人家也会哦，和{NICKNAME}呆在一起，开心得要爆炸了呢。,小昔涟
vo_syss_mem_v320_142.wav,是有什么事情不想做吗？说说看，人家会帮你的哦？呀，可不是帮忙装病！,小昔涟
vo_syss_mem_v320_143.wav,不过，没事就好呢。如果讨厌周一…那人家可以陪{NICKNAME}一起度过这讨厌的日子，你的抱怨和故事人家都会耐心听哦。,小昔涟
vo_syss_mem_v320_144.wav,{NICKNAME}！{NICKNAME}——又在发呆吗？,小昔涟
vo_syss_mem_v320_145.wav,嘻嘻，还是{NICKNAME}厉害，人家就总是忘记听过的故事……,小昔涟
vo_syss_mem_v320_146.wav,不过，人家有时也会这样想啦——在寒冷的日子里，就算只能回忆起「有件事曾经让我温暖」，是不是也已经足够啦？,小昔涟
vo_syss_mem_v320_147.wav,啊！这算是考验吗？可不能开这种玩笑哦？,小昔涟
vo_syss_mem_v320_148.wav,人家是记忆的精灵，都不知道能不能流眼泪…人家要是信以为真，却哭不出来，你会难过的！,小昔涟
vo_syss_mem_v320_149.wav,嘻嘻！竟然没有逗人家，都有点不习惯啦！那你继续！人家也再看你一会儿。,小昔涟
vo_syss_mem_v320_150.wav,这次怎么没有思考人家的事情了呀！改回去呀，把这个选项改回去嘛！,小昔涟
vo_syss_mem_v330_101.wav,唔…人家听说，在走到生命的终点前，墨涅塔的信徒都会献上自己最美的作品。,小昔涟
vo_syss_mem_v330_102.wav,对阿格莱雅来说，那会是什么呢？,小昔涟
vo_syss_mem_v330_103.wav,嗯！虽然还没有看见…但一定也像阿格莱雅的其他作品那样，金灿灿的，既美丽，又温暖……,小昔涟
vo_syss_mem_v330_104.wav,可在故事的结尾，她几乎失去了一切…啊，人家知道了！,小昔涟
vo_syss_mem_v330_105.wav,{NICKNAME}说得很对呢，就像「裁剪衣服」时一样，失去…反倒让她留下的事物更加美好了吧？,小昔涟
vo_syss_mem_v330_106.wav,这样呀…人家也很喜欢浪漫的故事，不过，却又说不清什么才是「浪漫」呢。也许…它就是那些「不需要懂得」的事物吧……,小昔涟
vo_syss_mem_v330_107.wav,对了！{NICKNAME}，你在旅行中经历过的其他故事，也是一样吗？总会变得越来越严肃，让人一直不能放心…,小昔涟
vo_syss_mem_v330_108.wav,这样呀…那我们一定要成为例外呀！毕竟之前约定过，要一直提醒对方乐观…无论什么时候，可都要记好哦？,小昔涟
vo_syss_mem_v330_109.wav,{NICKNAME}总是这么乐观，让人家很安心呢。,小昔涟
vo_syss_mem_v330_110.wav,对呀，不知不觉，在这个故事里，{NICKNAME}也写下了自己的名字呢。,小昔涟
vo_syss_mem_v330_111.wav,总之，人家还是会好好把这一切记在心里，毕竟，他们的故事…应该被继续讲述下去，对吧？,小昔涟
vo_syss_mem_v330_112.wav,唔…突然发生了很多事呢。告别总是那么仓促，让人没办法说清心里话。,小昔涟
vo_syss_mem_v330_113.wav,既然现在有时间…如果要和人家告别，你会说些什么呀？只是好奇！,小昔涟
vo_syss_mem_v330_114.wav,呀！人家也是这么想的！说来也奇怪，在想到告别的时候，人家不会感到很失落呢，难道说…是因为没有过类似的经历？,小昔涟
vo_syss_mem_v330_115.wav,呀，这样说，人家可要有些后悔了…的确是该留到最后的话语呢。,小昔涟
vo_syss_mem_v330_116.wav,时间总要继续向前呀，不过，能看到{NICKNAME}这么舍不得，人家的确很开心呢。,小昔涟
vo_syss_mem_v330_117.wav,这么说，大家的故事难道要结束了吗？虽然过去也一直想看新的故事，但现在的心情，却不太一样了呢…,小昔涟
vo_syss_mem_v330_118.wav,真希望关于他们的一切，永远不会迎来终点呀。,小昔涟
vo_syss_mem_v330_119.wav,别这么说呀，大家不是还在为「新世界」竭尽全力吗？人家相信…那会是一个美好的明天。,小昔涟
vo_syss_mem_v330_120.wav,呀，明明更应该惊讶，但总觉得{NICKNAME}一定会这么说呢。,小昔涟
vo_syss_mem_v330_121.wav,哎呀，那就不多想啦。无论之后会发生什么，无论{NICKNAME}作出怎样的决定，人家都会一直站在你身边的。,小昔涟
vo_syss_mem_v330_122.wav,我们是最好的伙伴，这一点永远都不会变，对吧？,小昔涟
vo_syss_mem_v330_123.wav,呀…{NICKNAME}！还没睡吗？在这么晚的时候遇到，都已经是第二次了吧？这样下去可不行哦？,小昔涟
vo_syss_mem_v330_124.wav,呀，语气好得意！不行不行，那人家可是每天都要来检查了哦？,小昔涟
vo_syss_mem_v330_125.wav,这…可能是人家太小，还从来没有失眠过，也不知道什么小技巧…只能之后再打听一下了。,小昔涟
vo_syss_mem_v330_126.wav,不过没关系，今天人家一定要先看着{NICKNAME}睡着，这样会好一点吗？,小昔涟
vo_syss_mem_v330_127.wav,人家也听到过类似的说法呢，唔…听起来，总比「不想面对明天」要好？,小昔涟
vo_syss_mem_v330_128.wav,这样哪能骗得到人家呀！至少先闭上眼睛嘛！,小昔涟
vo_syss_mem_v340_101.wav,{NICKNAME}，其实呀，我一直很喜欢你呢。,小昔涟
vo_syss_mem_v340_102.wav,嘻嘻，是不是吓到了？别紧张，人家只是在斟酌，如果要为一本纪念册写下卷首语，那必须得是一句翻开多少次都能让人动情的话才行。,小昔涟
vo_syss_mem_v340_103.wav,思来想去，果然还是「喜欢」最合适。毕竟只有最纯粹的感情，才能跨越时光，始终如一呀。,小昔涟
vo_syss_mem_v340_104.wav,没错。喜欢是很单纯、自然的行为哦？如果{NICKNAME}也有喜欢的人，无论亲情、友情还是爱，不妨大胆一些，全部表达出来吧！,小昔涟
vo_syss_mem_v340_105.wav,是吗？可在人家看来，喜欢是很单纯、自然的行为哦？如果{NICKNAME}也有喜欢的人，无论亲情、友情还是爱，人家也会支持你，全部表达出来。,小昔涟
vo_syss_mem_v340_106.wav,{NICKNAME}…会对这种表达感到负担吗？对不起呀，人家没有恶意，只是觉得喜欢是很单纯、自然的行为。,小昔涟
vo_syss_mem_v340_107.wav,嘻嘻，不过我记住啦。下一次，人家会在{NICKNAME}心情更好的时候出现。,小昔涟
vo_syss_mem_v340_108.wav,不过，这也算是心有灵犀？{NICKNAME}总会在人家还没准备好的时候现身。,小昔涟
vo_syss_mem_v340_109.wav,嘻嘻，都不用仔细去想——我们成为伙伴一起旅行，已经过去很久很久啦。所以，人家想把一同经历过的点点滴滴，全都记录下来，每一句话都不放过。,小昔涟
vo_syss_mem_v340_110.wav,「翻阅时会不自觉笑出来的纪念册」——听起来就很棒吧？,小昔涟
vo_syss_mem_v340_111.wav,人家有秘诀——时不时就在脑袋里重现一遍。而且……,小昔涟
vo_syss_mem_v340_112.wav,那可太多啦！难以入睡的夜晚，出神发呆的瞬间，还有…哎呀，不能剧透。,小昔涟
vo_syss_mem_v340_113.wav,不行不行，还没完全准备好呢。,小昔涟
vo_syss_mem_v340_114.wav,不光是实际发生过的，还有一些对话，先前只存在于人家的幻想里。但既然是这么珍贵的回忆，就一起放进来，小心地锁上吧。,小昔涟
vo_syss_mem_v340_115.wav,千万记得，要等人家不在的时候再打开哦？不然，我会不好意思的。,小昔涟
vo_ambient_w4_v340_greeting_cyrene_101.wav,呼…呼…嘻，逗你的，我可没睡哦。,小昔涟
vo_ambient_w4_v340_greeting_cyrene_109.wav,嗯…哪里去了呢？偷偷躲在哪个小角落里，等着我去找呢？,小昔涟
vo_ambient_w4_v340_greeting_cyrene_110.wav,软乎乎的小海豹，在水池里一摇一摆，嘟嘟的，嘟嘟的…真是可爱到不行~,小昔涟
vo_ambient_w4_v340_greeting_cyrene_111.wav,好可爱的奇美拉！得给它起个甜甜的名字才行，你有什么主意吗？,小昔涟
vo_ambient_w4_v340_greeting_cyrene_112.wav,把种子埋进土里，等待它发芽，开出软软的花，就像是在守候一个小小的奇迹。,小昔涟
vo_ambient_w4_v340_greeting_cyrene_113.wav,水面有动静了！快快，把鱼竿提起来，拜托啦！,小昔涟
vo_ambient_w4_v340_greeting_cyrene_114.wav,嗯？这么没防备地睡着了…可是会被坏人盯上的，要小心哦。,小昔涟
vo_ambient_w4_v340_greeting_cyrene_115.wav,呀，我可以抓紧你吗…大地兽不会突然跑起来，把人家甩出去吧？,小昔涟
vo_ambient_w4_v340_greeting_cyrene_117.wav,瞧！这个稻草人的模样，是不是和你特别像？我可是观察了好久才做出来的。,小昔涟
vo_ambient_w4_v340_greeting_cyrene_118.wav,哦，你喜欢这里的风景呀？让我也好好看看，记下你喜欢的地方~,小昔涟
vo_ambient_w4_v340_greeting_cyrene_119.wav,风车转呀转，转得好慢好慢，仿佛连时间也停下来了呢。,小昔涟
vo_ambient_w4_v340_greeting_cyrene_120.wav,呼~感觉有点困了…是时候闭上眼睛，去梦里相见啦……,小昔涟
vo_ambient_w4_v340_greeting_cyrene_121.wav,好舒服的风呀，真希望生活每天都能像海面一样平静。,小昔涟
vo_ambient_w4_v340_greeting_cyrene_122.wav,这片麦田可是我们的宝贝，不能随便踩进去哦。会把希望踩坏的。,小昔涟
vo_ambient_w4_v340_greeting_cyrene_123.wav,真有意思呢，你这么一说，人家都想去实地看看啦。只是，要你来当向导！,小昔涟
vo_ambient_w4_v340_greeting_cyrene_126.wav,风铃叮叮当当，就像是怦怦的心跳，好浪漫呀。,小昔涟
vo_ambient_w4_v340_greeting_cyrene_127.wav,想听故事吗？我有好多好多，可以一个个讲给你听。条件只有一个——要仔细听，好吗？,小昔涟
vo_ambient_w4_v340_greeting_cyrene_128.wav,故乡是很让人怀念，可更重要的，是迈出向前的脚步，对吧？,小昔涟
vo_ambient_w4_v340_greeting_cyrene_129.wav,（均匀的呼吸声）,小昔涟
vo_ambient_w4_v380_broadcast_cyrene_101.wav,小小一只的奇美拉，快快在爱里长大吧♪,小昔涟
%(title)s.%(ext)s_Vocals_decho_srt_001.wav,哎呀，别上当啦……,小昔涟
%(title)s.%(ext)s_Vocals_decho_srt_012.wav,他们在骗你，快回来……,小昔涟
%(title)s.%(ext)s_Vocals_decho_srt_016.wav,快回来,小昔涟
%(title)s.%(ext)s_Vocals_decho_srt_022.wav,别走,小昔涟
%(title)s.%(ext)s_Vocals_decho_srt_024.wav,别走，他们会装作你记忆里的人……,小昔涟
%(title)s.%(ext)s_Vocals_decho_srt_027.wav,别让坏人骗走你的信任呀……,小昔涟
%(title)s.%(ext)s_Vocals_decho_srt_031.wav,你跑的也太快了等等,小昔涟
%(title)s.%(ext)s_Vocals_decho_srt_037.wav,那些甜言蜜语，真的很动听……,小昔涟
%(title)s.%(ext)s_Vocals_decho_srt_040.wav,但你要睁大眼睛,小昔涟
%(title)s.%(ext)s_Vocals_decho_srt_043.wav,千万别被蒙蔽了呀,小昔涟
%(title)s.%(ext)s_Vocals_decho_srt_045.wav,哎,小昔涟
%(title)s.%(ext)s_Vocals_decho_srt_047.wav,终于追上你了,小昔涟
%(title)s.%(ext)s_Vocals_decho_srt_048.wav,哎我没事,小昔涟
%(title)s.%(ext)s_Vocals_decho_srt_051.wav,只是好久没运动,小昔涟
%(title)s.%(ext)s_Vocals_decho_srt_053.wav,身体都没力气了,小昔涟
%(title)s.%(ext)s_Vocals_decho_srt_056.wav,哎呀在做出决定前,小昔涟
%(title)s.%(ext)s_Vocals_decho_srt_058.wav,能不能和我聊聊呢,小昔涟
%(title)s.%(ext)s_Vocals_decho_srt_061.wav,3月嗯,小昔涟
%(title)s.%(ext)s_Vocals_decho_srt_063.wav,做个自我介绍吧,小昔涟
%(title)s.%(ext)s_Vocals_decho_srt_064.wav,我是昔涟往昔的涟漪,小昔涟
%(title)s.%(ext)s_Vocals_decho_srt_065.wav,很好记的名字对吧,小昔涟
%(title)s.%(ext)s_Vocals_decho_srt_067.wav,咦，仔细一看才发现，你和我…是不是有点相似？,小昔涟
%(title)s.%(ext)s_Vocals_decho_srt_074.wav,不仅如此,小昔涟
%(title)s.%(ext)s_Vocals_decho_srt_075.wav,我们还都是开朗美丽乐观的青春少女,小昔涟
%(title)s.%(ext)s_Vocals_decho_srt_082.wav,真是不可思议的巧合,小昔涟
%(title)s.%(ext)s_Vocals_decho_srt_085.wav,我们是初次见面哦,小昔涟
%(title)s.%(ext)s_Vocals_decho_srt_086.wav,但从刚才的记忆里,小昔涟
%(title)s.%(ext)s_Vocals_decho_srt_090.wav,我已经了解了你的经历,小昔涟
%(title)s.%(ext)s_Vocals_decho_srt_093.wav,真是难以置信,小昔涟
%(title)s.%(ext)s_Vocals_decho_srt_095.wav,我们的共同点或许远比想象中更多呢,小昔涟
%(title)s.%(ext)s_Vocals_decho_srt_097.wav,我完全理解你的困境,小昔涟
%(title)s.%(ext)s_Vocals_decho_srt_099.wav,所以更不希望你被坏人利用,小昔涟
%(title)s.%(ext)s_Vocals_decho_srt_101.wav,受到伤害,小昔涟
%(title)s.%(ext)s_Vocals_decho_srt_102.wav,毕竟，我可是亲身体会过呢。,小昔涟
%(title)s.%(ext)s_Vocals_decho_srt_103.wav,在这片空荡荡的地方,小昔涟
%(title)s.%(ext)s_Vocals_decho_srt_104.wav,我独自待了很久很久,小昔涟
%(title)s.%(ext)s_Vocals_decho_srt_105.wav,久到都快忘了时间是什么概念,小昔涟
%(title)s.%(ext)s_Vocals_decho_srt_106.wav,但有一件事，我记得特别清楚。,小昔涟
%(title)s.%(ext)s_Vocals_decho_srt_108.wav,那扇门背后，绝对没有你想要的答案哦。,小昔涟
%(title)s.%(ext)s_Vocals_decho_srt_110.wav,对那些对话很真实,小昔涟
%(title)s.%(ext)s_Vocals_decho_srt_112.wav,也很诱人吧,小昔涟
%(title)s.%(ext)s_Vocals_decho_srt_113.wav,那是因为坏人翻看了你的记忆,小昔涟
%(title)s.%(ext)s_Vocals_decho_srt_114.wav,勾起了你心底最深处的渴望,小昔涟
%(title)s.%(ext)s_Vocals_decho_srt_115.wav,拨弄女孩子细腻的心绪,小昔涟
%(title)s.%(ext)s_Vocals_decho_srt_118.wav,真是不可饶恕,小昔涟
%(title)s.%(ext)s_Vocals_decho_srt_121.wav,如果走进那扇门,小昔涟
%(title)s.%(ext)s_Vocals_decho_srt_122.wav,最坏的情况,小昔涟
%(title)s.%(ext)s_Vocals_decho_srt_123.wav,你会变成他们的棋子,小昔涟
%(title)s.%(ext)s_Vocals_decho_srt_124.wav,再也无法掌控自己的命运,小昔涟
%(title)s.%(ext)s_Vocals_decho_srt_125.wav,虽然我被困在这里,小昔涟
%(title)s.%(ext)s_Vocals_decho_srt_127.wav,和你一样失去了记忆,小昔涟
%(title)s.%(ext)s_Vocals_decho_srt_129.wav,但我还依稀记得那个养育了我的故乡,小昔涟
%(title)s.%(ext)s_Vocals_decho_srt_130.wav,这扇门的背后是翁法罗斯,小昔涟
%(title)s.%(ext)s_Vocals_decho_srt_131.wav,它绝对不是一个温柔的世界,小昔涟
%(title)s.%(ext)s_Vocals_decho_srt_132.wav,漫长的时光里,小昔涟
%(title)s.%(ext)s_Vocals_decho_srt_133.wav,我只能眼睁睁看着人们走进记忆之门,小昔涟
%(title)s.%(ext)s_Vocals_decho_srt_134.wav,那些人看不见,小昔涟
%(title)s.%(ext)s_Vocals_decho_srt_135.wav,我也听不见我的呼唤,小昔涟
%(title)s.%(ext)s_Vocals_decho_srt_136.wav,天外之音总会给出安全的承诺,小昔涟
%(title)s.%(ext)s_Vocals_decho_srt_137.wav,但我从没见过有人平安归来,小昔涟
%(title)s.%(ext)s_Vocals_decho_srt_138.wav,所以，我不能对你视而不见。,小昔涟
%(title)s.%(ext)s_Vocals_decho_srt_139.wav,方法其实一点也不复杂,小昔涟
%(title)s.%(ext)s_Vocals_decho_srt_140.wav,只要回头,小昔涟
%(title)s.%(ext)s_Vocals_decho_srt_141.wav,然后一步步离开这里就好了,小昔涟
%(title)s.%(ext)s_Vocals_decho_srt_142.wav,嗯真难缠对吧,小昔涟
%(title)s.%(ext)s_Vocals_decho_srt_143.wav,可千万别听他们的,小昔涟
%(title)s.%(ext)s_Vocals_decho_srt_144.wav,你要坚定地走下去,小昔涟
%(title)s.%(ext)s_Vocals_decho_srt_145.wav,返程的路也许要花上很久很久,小昔涟
%(title)s.%(ext)s_Vocals_decho_srt_146.wav,比普通人一生的时光还要漫长许多,小昔涟
%(title)s.%(ext)s_Vocals_decho_srt_147.wav,但你要相信,小昔涟
%(title)s.%(ext)s_Vocals_decho_srt_148.wav,那才是家的方向,小昔涟
%(title)s.%(ext)s_Vocals_decho_srt_149.wav,咦？为什么……,小昔涟
%(title)s.%(ext)s_Vocals_decho_srt_150.wav,嗯这样啊,小昔涟
%(title)s.%(ext)s_Vocals_decho_srt_151.wav,…这样啊。你也有比生命更重要的伙伴呢。,小昔涟
%(title)s.%(ext)s_Vocals_decho_srt_152.wav,真是听着就让人家怦怦心跳,小昔涟
%(title)s.%(ext)s_Vocals_decho_srt_153.wav,3月,小昔涟
%(title)s.%(ext)s_Vocals_decho_srt_154.wav,既然这是你的决定,小昔涟
%(title)s.%(ext)s_Vocals_decho_srt_155.wav,那我一定站在你这边,小昔涟
%(title)s.%(ext)s_Vocals_decho_srt_156.wav,谁让我们是如此相似呢,小昔涟
%(title)s.%(ext)s_Vocals_decho_srt_157.wav,谁让我们是如此相似呢？娇弱可爱的外表下，都藏着一颗炽热的真心呢！,小昔涟
%(title)s.%(ext)s_Vocals_decho_srt_158.wav,谁知道呢？,小昔涟
%(title)s.%(ext)s_Vocals_decho_srt_159.wav,不过你不用替我担心了,小昔涟
%(title)s.%(ext)s_Vocals_decho_srt_160.wav,我在这里待了那么久,小昔涟
%(title)s.%(ext)s_Vocals_decho_srt_161.wav,早就习惯和自己想象出来的朋友聊天了,小昔涟
%(title)s.%(ext)s_Vocals_decho_srt_162.wav,哎,小昔涟
%(title)s.%(ext)s_Vocals_decho_srt_163.wav,嗯，那我可就满怀期待地等着了哦？,小昔涟
%(title)s.%(ext)s_Vocals_decho_srt_164.wav,去吧，三月。祝愿你们，能写下一段无比浪漫的故事呀♪,小昔涟
%(title)s.%(ext)s_Vocals_decho_srt_165.wav,然后，就在那里，完成你我最初…也是最后的心愿……,小昔涟
%(title)s.%(ext)s_Vocals_decho_srt_166.wav,…为这个我们深爱的世界，写下不同以往的结局吧。,小昔涟
%(title)s.%(ext)s_Vocals_decho_srt_167.wav,嗯哒哒哒哒哒哒哒哒哒哒哎呀,小昔涟
%(title)s.%(ext)s_Vocals_decho_srt_168.wav,这么急匆匆的过来,小昔涟
%(title)s.%(ext)s_Vocals_decho_srt_169.wav,小秋千都被吓到了,小昔涟
%(title)s.%(ext)s_Vocals_decho_srt_170.wav,一晃一晃,小昔涟
%(title)s.%(ext)s_Vocals_decho_srt_171.wav,果然是你呀♪,小昔涟
%(title)s.%(ext)s_Vocals_decho_srt_172.wav,嗯没什么,小昔涟
%(title)s.%(ext)s_Vocals_decho_srt_173.wav,嗯～没什么，只是…忽然有种莫名的心灵感应？,小昔涟
%(title)s.%(ext)s_Vocals_decho_srt_174.wav,你脑袋上怎么还有落叶,小昔涟
%(title)s.%(ext)s_Vocals_decho_srt_175.wav,难道又躺在树上睡觉了,小昔涟
%(title)s.%(ext)s_Vocals_decho_srt_176.wav,还是麦田收拾干净再出门呀是吗,小昔涟
%(title)s.%(ext)s_Vocals_decho_srt_177.wav,虽然你的个头比我要高,小昔涟
%(title)s.%(ext)s_Vocals_decho_srt_178.wav,但论成熟我可远胜于你呢,小昔涟
%(title)s.%(ext)s_Vocals_decho_srt_179.wav,喜欢幻想那些英雄故事,小昔涟
%(title)s.%(ext)s_Vocals_decho_srt_180.wav,把自己当成里面的角色,小昔涟
%(title)s.%(ext)s_Vocals_decho_srt_181.wav,可不是大人会做出的举动呀,小昔涟
%(title)s.%(ext)s_Vocals_decho_srt_182.wav,嘿你说是吧,小昔涟
%(title)s.%(ext)s_Vocals_decho_srt_183.wav,既然又在陪他胡闹,小昔涟
%(title)s.%(ext)s_Vocals_decho_srt_184.wav,今天的人设是什么,小昔涟
%(title)s.%(ext)s_Vocals_decho_srt_185.wav,星河猎手,小昔涟
%(title)s.%(ext)s_Vocals_decho_srt_186.wav,「心和猎手」？你是准备捕获谁的心呢，嗯？,小昔涟
%(title)s.%(ext)s_Vocals_decho_srt_187.wav,嗯嗯怎么又换身份了,小昔涟
%(title)s.%(ext)s_Vocals_decho_srt_188.wav,明明不久前还是从一帮漂流过来和你定下建议修习契约的勇者,小昔涟
%(title)s.%(ext)s_Vocals_decho_srt_189.wav,正要和你说呢,小昔涟
%(title)s.%(ext)s_Vocals_decho_srt_190.wav,不久前我在秋千上睡甜甜的觉,小昔涟
%(title)s.%(ext)s_Vocals_decho_srt_191.wav,做了个奇怪的梦,小昔涟
%(title)s.%(ext)s_Vocals_decho_srt_192.wav,那梦里，一直有个模糊的声音，似乎在呼唤什么。,小昔涟
%(title)s.%(ext)s_Vocals_decho_srt_193.wav,似乎在呼唤什么哦,小昔涟
%(title)s.%(ext)s_Vocals_decho_srt_194.wav,你也是吗,小昔涟
%(title)s.%(ext)s_Vocals_decho_srt_195.wav,嗯…你也是吗？难怪醒来以后，总觉得心里惴惴不安呢。,小昔涟
%(title)s.%(ext)s_Vocals_decho_srt_196.wav,于是我想起了小时候常玩的神谕牌,小昔涟
%(title)s.%(ext)s_Vocals_decho_srt_197.wav,虽然欧洛尼斯神域总是解读不准就是了,小昔涟
%(title)s.%(ext)s_Vocals_decho_srt_198.wav,孩子总是幸福的,小昔涟
%(title)s.%(ext)s_Vocals_decho_srt_199.wav,觉得神明注意不到,小昔涟
%(title)s.%(ext)s_Vocals_decho_srt_200.wav,哀丽秘榭的小角落,小昔涟
%(title)s.%(ext)s_Vocals_decho_srt_201.wav,会对我们睁一只眼闭一只眼,小昔涟
%(title)s.%(ext)s_Vocals_decho_srt_202.wav,但命运从来都是确凿不移,小昔涟
%(title)s.%(ext)s_Vocals_decho_srt_203.wav,毕竟我们也不知道神域里的未来究竟是多远,小昔涟
%(title)s.%(ext)s_Vocals_decho_srt_204.wav,以后我倒是还能想起几个地点,小昔涟
%(title)s.%(ext)s_Vocals_decho_srt_205.wav,我们一起去看看吧,小昔涟
%(title)s.%(ext)s_Vocals_decho_srt_206.wav,村子就这么大,小昔涟
%(title)s.%(ext)s_Vocals_decho_srt_207.wav,村子就这么大，当年藏下的童年秘密都还在原地吧？,小昔涟
%(title)s.%(ext)s_Vocals_decho_srt_208.wav,谢谢您,小昔涟
%(title)s.%(ext)s_Vocals_decho_srt_209.wav,谢谢您！我们会注意的。,小昔涟
%(title)s.%(ext)s_Vocals_decho_srt_210.wav,哀丽秘榭的小校舍只有您一位老师，是太辛苦了。,小昔涟
%(title)s.%(ext)s_Vocals_decho_srt_211.wav,老师是太辛苦了,小昔涟
%(title)s.%(ext)s_Vocals_decho_srt_212.wav,课堂上雕的木头人,小昔涟
%(title)s.%(ext)s_Vocals_decho_srt_213.wav,原来是藏到了这里,小昔涟
%(title)s.%(ext)s_Vocals_decho_srt_214.wav,这可真是连我也不知道的秘密啊,小昔涟
%(title)s.%(ext)s_Vocals_decho_srt_215.wav,神谕牌不在这里呢……,小昔涟
%(title)s.%(ext)s_Vocals_decho_srt_216.wav,让我想想嗯,小昔涟
%(title)s.%(ext)s_Vocals_decho_srt_217.wav,让我想想…啊，还有一个地方没去找过。,小昔涟
%(title)s.%(ext)s_Vocals_decho_srt_218.wav,是呀,小昔涟
%(title)s.%(ext)s_Vocals_decho_srt_219.wav,我还记得你们喊我出去玩,小昔涟
%(title)s.%(ext)s_Vocals_decho_srt_220.wav,总是不走正门,小昔涟
%(title)s.%(ext)s_Vocals_decho_srt_221.wav,爱翻墙,小昔涟
%(title)s.%(ext)s_Vocals_decho_srt_222.wav,真是调皮,小昔涟
%(title)s.%(ext)s_Vocals_decho_srt_223.wav,像某个人一样，捉不准出现的时机，是吧？,小昔涟
%(title)s.%(ext)s_Vocals_decho_srt_224.wav,也许就是你哦♪,小昔涟
%(title)s.%(ext)s_Vocals_decho_srt_225.wav,不过这里最近只有我一个人住,小昔涟
%(title)s.%(ext)s_Vocals_decho_srt_226.wav,还好久没认真打理了,小昔涟
%(title)s.%(ext)s_Vocals_decho_srt_227.wav,真让人害羞,小昔涟
%(title)s.%(ext)s_Vocals_decho_srt_228.wav,这么多角落该从哪里找起呢,小昔涟
%(title)s.%(ext)s_Vocals_decho_srt_229.wav,好久没去房顶了,小昔涟
%(title)s.%(ext)s_Vocals_decho_srt_230.wav,也许那里能有所发现,小昔涟
%(title)s.%(ext)s_Vocals_decho_srt_231.wav,上去找一找吧,小昔涟
%(title)s.%(ext)s_Vocals_decho_srt_232.wav,远远地望过去,小昔涟
%(title)s.%(ext)s_Vocals_decho_srt_233.wav,还是熟悉的风景呀,小昔涟
%(title)s.%(ext)s_Vocals_decho_srt_234.wav,要说哀丽秘榭最让人留恋的地方,小昔涟
%(title)s.%(ext)s_Vocals_decho_srt_235.wav,除了大树下的秋千架,小昔涟
%(title)s.%(ext)s_Vocals_decho_srt_236.wav,就是这儿了啊,小昔涟
%(title)s.%(ext)s_Vocals_decho_srt_237.wav,什么动静,小昔涟
%(title)s.%(ext)s_Vocals_decho_srt_238.wav,小心一点啦,小昔涟
%(title)s.%(ext)s_Vocals_decho_srt_239.wav,虽然我是村子里的小占卜师,小昔涟
%(title)s.%(ext)s_Vocals_decho_srt_240.wav,不过暂时还没掌握让时间倒流的能力哦,小昔涟
%(title)s.%(ext)s_Vocals_decho_srt_241.wav,因为自幼就能听见朦胧的神谕,小昔涟
%(title)s.%(ext)s_Vocals_decho_srt_242.wav,村子里的人都说我是未来的岁月祭司,小昔涟
%(title)s.%(ext)s_Vocals_decho_srt_243.wav,不过占卜的次数多了,小昔涟
%(title)s.%(ext)s_Vocals_decho_srt_244.wav,反倒会对命运产生迷茫,小昔涟
%(title)s.%(ext)s_Vocals_decho_srt_245.wav,说着对神域笃信不疑,小昔涟
%(title)s.%(ext)s_Vocals_decho_srt_246.wav,但真要离开艾莉密泄的话,小昔涟
%(title)s.%(ext)s_Vocals_decho_srt_247.wav,不知停泊的那艘船，会把我们带到什么地方呢？,小昔涟
%(title)s.%(ext)s_Vocals_decho_srt_248.wav,已经装在眼睛里了,小昔涟
%(title)s.%(ext)s_Vocals_decho_srt_249.wav,去到哪里都会珍藏,小昔涟
%(title)s.%(ext)s_Vocals_decho_srt_250.wav,包括童年的伙伴哦,小昔涟
%(title)s.%(ext)s_Vocals_decho_srt_251.wav,来啦,小昔涟
%(title)s.%(ext)s_Vocals_decho_srt_252.wav,来啦！果然冥冥之中，神明在聆听内心的声音啊。,小昔涟
%(title)s.%(ext)s_Vocals_decho_srt_253.wav,可是牌不见了,小昔涟
%(title)s.%(ext)s_Vocals_decho_srt_254.wav,是被谁拿走了吗,小昔涟
%(title)s.%(ext)s_Vocals_decho_srt_255.wav,嘿我知道了那群神神秘秘的小家伙,小昔涟
%(title)s.%(ext)s_Vocals_decho_srt_256.wav,没想到是他们在调皮捣蛋嗯,小昔涟
%(title)s.%(ext)s_Vocals_decho_srt_257.wav,嗯，跟我来，到庭院后面去吧。,小昔涟
%(title)s.%(ext)s_Vocals_decho_srt_258.wav,就在这边太久没去拜访小妖精们,小昔涟
%(title)s.%(ext)s_Vocals_decho_srt_259.wav,连去迷境的路上都长满杂草,小昔涟
%(title)s.%(ext)s_Vocals_decho_srt_260.wav,看不清了呢,小昔涟
%(title)s.%(ext)s_Vocals_decho_srt_261.wav,只要沿着树洞爬一小段距离,小昔涟
%(title)s.%(ext)s_Vocals_decho_srt_262.wav,穿过最狭窄的地方,小昔涟
%(title)s.%(ext)s_Vocals_decho_srt_263.wav,就到它们的栖息地迷路迷境了,小昔涟
%(title)s.%(ext)s_Vocals_decho_srt_264.wav,诶不如担心一下自己会不会被小妖精们拒绝吧,小昔涟
%(title)s.%(ext)s_Vocals_decho_srt_265.wav,毕竟迷路迷境实行的是邀请制,小昔涟
%(title)s.%(ext)s_Vocals_decho_srt_266.wav,只有天真无邪的孩子才能进入呢,小昔涟
%(title)s.%(ext)s_Vocals_decho_srt_267.wav,那…你先请？,小昔涟
%(title)s.%(ext)s_Vocals_decho_srt_268.wav,真是冒冒失失啊……,小昔涟
%(title)s.%(ext)s_Vocals_decho_srt_269.wav,不过这下就只剩下我们了,小昔涟
%(title)s.%(ext)s_Vocals_decho_srt_270.wav,继续刚才的话题吗,小昔涟
%(title)s.%(ext)s_Vocals_decho_srt_271.wav,其实从看见小妖精的可爱字条开始,小昔涟
%(title)s.%(ext)s_Vocals_decho_srt_272.wav,我心中的预感就越发强烈,小昔涟
%(title)s.%(ext)s_Vocals_decho_srt_273.wav,也许当我们再度踏入睽违多年的迷境,小昔涟
%(title)s.%(ext)s_Vocals_decho_srt_274.wav,命运的齿轮就要开始转动了呢,小昔涟
%(title)s.%(ext)s_Vocals_decho_srt_275.wav,…如果我是，你会怎么做呢？,小昔涟
%(title)s.%(ext)s_Vocals_decho_srt_276.wav,嘿嘿开个玩笑,小昔涟
%(title)s.%(ext)s_Vocals_decho_srt_277.wav,没有别的意思啊,小昔涟
%(title)s.%(ext)s_Vocals_decho_srt_278.wav,但即便命运确凿不移,小昔涟
%(title)s.%(ext)s_Vocals_decho_srt_279.wav,无论他要将世界带向何方,小昔涟
%(title)s.%(ext)s_Vocals_decho_srt_280.wav,只要我们能够共同面对,小昔涟
%(title)s.%(ext)s_Vocals_decho_srt_281.wav,那就没什么好害怕的对吧,小昔涟
%(title)s.%(ext)s_Vocals_decho_srt_282.wav,所以，如果你愿意……,小昔涟
%(title)s.%(ext)s_Vocals_decho_srt_283.wav,唉算了没什么,小昔涟
%(title)s.%(ext)s_Vocals_decho_srt_284.wav,如果命运果真开始流转,小昔涟
%(title)s.%(ext)s_Vocals_decho_srt_285.wav,到时再请你听听我的请求吧,小昔涟
%(title)s.%(ext)s_Vocals_decho_srt_286.wav,那时我们都是小孩子呢。,小昔涟
%(title)s.%(ext)s_Vocals_decho_srt_287.wav,说不定我和徕啦迷一样，都是迷境的小妖精呢？,小昔涟
%(title)s.%(ext)s_Vocals_decho_srt_288.wav,好啦好啦,小昔涟
%(title)s.%(ext)s_Vocals_decho_srt_289.wav,他只是在学故事里的吟游诗人,小昔涟
%(title)s.%(ext)s_Vocals_decho_srt_290.wav,多愁善感,小昔涟
%(title)s.%(ext)s_Vocals_decho_srt_291.wav,才不会真的忘记大家呢,小昔涟
%(title)s.%(ext)s_Vocals_decho_srt_292.wav,我们这次来是为了找回神谕牌,小昔涟
%(title)s.%(ext)s_Vocals_decho_srt_293.wav,你知道他去哪里了吗,小昔涟
%(title)s.%(ext)s_Vocals_decho_srt_294.wav,村长哆哆啦咪,小昔涟
%(title)s.%(ext)s_Vocals_decho_srt_295.wav,他要石玉牌做什么,小昔涟
%(title)s.%(ext)s_Vocals_decho_srt_296.wav,如果想占卜,小昔涟
%(title)s.%(ext)s_Vocals_decho_srt_297.wav,直接告诉我就好了呀,小昔涟
%(title)s.%(ext)s_Vocals_decho_srt_298.wav,村长！您还是这么有精神，真是太好啦。,小昔涟
%(title)s.%(ext)s_Vocals_decho_srt_299.wav,真是太好了哦,小昔涟
%(title)s.%(ext)s_Vocals_decho_srt_300.wav,啊，我的神谕牌册……,小昔涟
%(title)s.%(ext)s_Vocals_decho_srt_301.wav,有您替我保管,小昔涟
%(title)s.%(ext)s_Vocals_decho_srt_302.wav,我就放心了,小昔涟
%(title)s.%(ext)s_Vocals_decho_srt_303.wav,要是想让我占卜,小昔涟
%(title)s.%(ext)s_Vocals_decho_srt_304.wav,随时乐意效劳什么,小昔涟
%(title)s.%(ext)s_Vocals_decho_srt_305.wav,可如果是这样,小昔涟
%(title)s.%(ext)s_Vocals_decho_srt_306.wav,我们的远行,小昔涟
%(title)s.%(ext)s_Vocals_decho_srt_307.wav,我和白垩本来只打算离开村子一小段时间,小昔涟
%(title)s.%(ext)s_Vocals_decho_srt_308.wav,学些本领,小昔涟
%(title)s.%(ext)s_Vocals_decho_srt_309.wav,回来他要去玄风城锻炼,小昔涟
%(title)s.%(ext)s_Vocals_decho_srt_310.wav,我打算去雅努萨波利斯接受命运泰坦的洗礼,小昔涟
%(title)s.%(ext)s_Vocals_decho_srt_311.wav,学成之后,小昔涟
%(title)s.%(ext)s_Vocals_decho_srt_312.wav,我们就回埃利密县,小昔涟
%(title)s.%(ext)s_Vocals_decho_srt_313.wav,保护村子的和平不受侵扰,小昔涟
%(title)s.%(ext)s_Vocals_decho_srt_314.wav,虔诚的叩问会得到同等重量的回应。,小昔涟
%(title)s.%(ext)s_Vocals_decho_srt_315.wav,来吧,小昔涟
%(title)s.%(ext)s_Vocals_decho_srt_316.wav,闭上眼,小昔涟
%(title)s.%(ext)s_Vocals_decho_srt_317.wav,来吧，闭上眼，轻轻地打开神谕牌册……,小昔涟
%(title)s.%(ext)s_Vocals_decho_srt_318.wav,让你的思绪像河水上漂着的星星一样流淌,小昔涟
%(title)s.%(ext)s_Vocals_decho_srt_319.wav,趁着萤火和微风,小昔涟
%(title)s.%(ext)s_Vocals_decho_srt_320.wav,你们的命运也将流向同样的未来,小昔涟
%(title)s.%(ext)s_Vocals_decho_srt_321.wav,现在，来抽牌吧？,小昔涟
%(title)s.%(ext)s_Vocals_decho_srt_322.wav,呀，没想到能得到如此多的回应……,小昔涟
%(title)s.%(ext)s_Vocals_decho_srt_323.wav,那就任意翻开神谕牌,小昔涟
%(title)s.%(ext)s_Vocals_decho_srt_324.wav,看看未来将如何实现吧,小昔涟
%(title)s.%(ext)s_Vocals_decho_srt_325.wav,知者排纳事,小昔涟
%(title)s.%(ext)s_Vocals_decho_srt_326.wav,牵连起黄金之简的浪漫丝线,小昔涟
%(title)s.%(ext)s_Vocals_decho_srt_327.wav,将众人的命运编织成一匹金灿灿的流丝,小昔涟
%(title)s.%(ext)s_Vocals_decho_srt_328.wav,连,小昔涟
%(title)s.%(ext)s_Vocals_decho_srt_329.wav,通向一个最为光辉烂漫的未来的牌面,小昔涟
%(title)s.%(ext)s_Vocals_decho_srt_330.wav,这是门将,小昔涟
%(title)s.%(ext)s_Vocals_decho_srt_331.wav,这是「门匠」，她能在万千门径之中，为人们指点出正确的道路。,小昔涟
%(title)s.%(ext)s_Vocals_decho_srt_332.wav,君王牌通常象征着纪律,小昔涟
%(title)s.%(ext)s_Vocals_decho_srt_333.wav,权威和荣耀,小昔涟
%(title)s.%(ext)s_Vocals_decho_srt_334.wav,但往往也和孤独战争划等号,小昔涟
%(title)s.%(ext)s_Vocals_decho_srt_335.wav,哼姬克牌,小昔涟
%(title)s.%(ext)s_Vocals_decho_srt_336.wav,这是最调皮的一张,小昔涟
%(title)s.%(ext)s_Vocals_decho_srt_337.wav,他常常贴在其他牌的背后出现,小昔涟
%(title)s.%(ext)s_Vocals_decho_srt_338.wav,擅长伪装成其他卡牌的模样,小昔涟
%(title)s.%(ext)s_Vocals_decho_srt_339.wav,抽中他可不容易啊,小昔涟
%(title)s.%(ext)s_Vocals_decho_srt_340.wav,仕女牌有点轻盈的分量,小昔涟
%(title)s.%(ext)s_Vocals_decho_srt_341.wav,带着冰凉的安提莲花的香气,小昔涟
%(title)s.%(ext)s_Vocals_decho_srt_342.wav,就像天上的繁星,小昔涟
%(title)s.%(ext)s_Vocals_decho_srt_343.wav,它象征着新生和希望,小昔涟
%(title)s.%(ext)s_Vocals_decho_srt_344.wav,却也容易让人联想到挫折,小昔涟
%(title)s.%(ext)s_Vocals_decho_srt_345.wav,悲伤和空虚,小昔涟
%(title)s.%(ext)s_Vocals_decho_srt_346.wav,小巧的医师牌,小昔涟
%(title)s.%(ext)s_Vocals_decho_srt_347.wav,虽然是柔和的颜色,小昔涟
%(title)s.%(ext)s_Vocals_decho_srt_348.wav,但其中蕴含的勇气不比任何一张牌少,小昔涟
%(title)s.%(ext)s_Vocals_decho_srt_349.wav,甚至足以融化寒冷的坚冰,小昔涟
%(title)s.%(ext)s_Vocals_decho_srt_350.wav,这就是有着大魔术师,小昔涟
%(title)s.%(ext)s_Vocals_decho_srt_351.wav,大表演家睿智之左眼,小昔涟
%(title)s.%(ext)s_Vocals_decho_srt_352.wav,瑟西斯的亵渎者等诸多称号的学士牌啦,小昔涟
%(title)s.%(ext)s_Vocals_decho_srt_353.wav,「救世主」……,小昔涟
%(title)s.%(ext)s_Vocals_decho_srt_354.wav,在命运三相神谕的语境下,小昔涟
%(title)s.%(ext)s_Vocals_decho_srt_355.wav,这张牌意味着协调和完美无缺,小昔涟
%(title)s.%(ext)s_Vocals_decho_srt_356.wav,而且，这也是所有神谕牌里唯一一张没有负面意象的哦。,小昔涟
%(title)s.%(ext)s_Vocals_decho_srt_357.wav,哎想什么呢,小昔涟
%(title)s.%(ext)s_Vocals_decho_srt_358.wav,想什么呢…这就是你为自己抽出的牌面呀。,小昔涟
%(title)s.%(ext)s_Vocals_decho_srt_359.wav,也许对于真正的救世主,小昔涟
%(title)s.%(ext)s_Vocals_decho_srt_360.wav,这些心愿只是沧海一粟,小昔涟
%(title)s.%(ext)s_Vocals_decho_srt_361.wav,毕竟刻法勒背负的，是整个世界呢。,小昔涟
%(title)s.%(ext)s_Vocals_decho_srt_362.wav,嗯，我也很好奇呢。不如……,小昔涟
%(title)s.%(ext)s_Vocals_decho_srt_363.wav,不如他们是神域排中揭示的未来,小昔涟
%(title)s.%(ext)s_Vocals_decho_srt_364.wav,换句话说是接下来你生命中会遇见的人,小昔涟
%(title)s.%(ext)s_Vocals_decho_srt_365.wav,我们都很迷茫对吧,小昔涟
%(title)s.%(ext)s_Vocals_decho_srt_366.wav,不如和命运聊聊,小昔涟
%(title)s.%(ext)s_Vocals_decho_srt_367.wav,或许这样我们才能弄清自己是为了什么踏上旅途,小昔涟
%(title)s.%(ext)s_Vocals_decho_srt_368.wav,还有一个人究竟要背负多少事物,小昔涟
%(title)s.%(ext)s_Vocals_decho_srt_369.wav,才能够称得上救世主的称号呢,小昔涟
%(title)s.%(ext)s_Vocals_decho_srt_370.wav,如何？我能感觉到，你内心的迷雾似乎已经散去些许了呢。,小昔涟
%(title)s.%(ext)s_Vocals_decho_srt_371.wav,当然可以,小昔涟
%(title)s.%(ext)s_Vocals_decho_srt_372.wav,那，为什么……,小昔涟
%(title)s.%(ext)s_Vocals_decho_srt_373.wav,既然这样……,小昔涟
%(title)s.%(ext)s_Vocals_decho_srt_374.wav,接下这份礼物吧,小昔涟
%(title)s.%(ext)s_Vocals_decho_srt_375.wav,神域排承载岁月,小昔涟
%(title)s.%(ext)s_Vocals_decho_srt_376.wav,受欧洛尼斯祝福,小昔涟
%(title)s.%(ext)s_Vocals_decho_srt_377.wav,愿他能与你同行,小昔涟
%(title)s.%(ext)s_Vocals_decho_srt_378.wav,化作你的记忆,小昔涟
%(title)s.%(ext)s_Vocals_decho_srt_379.wav,激起未来的涟漪呀,小昔涟
%(title)s.%(ext)s_Vocals_decho_srt_380.wav,这是这怎么办,小昔涟
%(title)s.%(ext)s_Vocals_decho_srt_381.wav,看来，我们心里都已经得出答案了。,小昔涟
%(title)s.%(ext)s_Vocals_decho_srt_382.wav,救世主原来如此,小昔涟
%(title)s.%(ext)s_Vocals_decho_srt_383.wav,除了牌面上的解读,小昔涟
%(title)s.%(ext)s_Vocals_decho_srt_384.wav,那还能拥有这层诗意呀,小昔涟
%(title)s.%(ext)s_Vocals_decho_srt_385.wav,并非从一开始就完美无缺,小昔涟
%(title)s.%(ext)s_Vocals_decho_srt_386.wav,站在高高的云端,小昔涟
%(title)s.%(ext)s_Vocals_decho_srt_387.wav,将慈悲的目光投向整个世界,小昔涟
%(title)s.%(ext)s_Vocals_decho_srt_388.wav,而是以这一小步为起点,小昔涟
%(title)s.%(ext)s_Vocals_decho_srt_389.wav,从一座宁静的小村庄出发,小昔涟
%(title)s.%(ext)s_Vocals_decho_srt_390.wav,慢慢拓宽心中的世界,小昔涟
%(title)s.%(ext)s_Vocals_decho_srt_391.wav,一边成长,小昔涟
%(title)s.%(ext)s_Vocals_decho_srt_392.wav,一边救赎我们还小的时候,小昔涟
%(title)s.%(ext)s_Vocals_decho_srt_393.wav,我对他说过,小昔涟
%(title)s.%(ext)s_Vocals_decho_srt_394.wav,希望这个世界，永远不需要「救世主」呀。,小昔涟
%(title)s.%(ext)s_Vocals_decho_srt_395.wav,但在心愿破灭的时候,小昔涟
%(title)s.%(ext)s_Vocals_decho_srt_396.wav,我很庆幸他愿意踏上这条道路,小昔涟
%(title)s.%(ext)s_Vocals_decho_srt_397.wav,…都要归功于你的鼓舞呀，伙伴。,小昔涟
%(title)s.%(ext)s_Vocals_decho_srt_398.wav,伙伴走吧,小昔涟
%(title)s.%(ext)s_Vocals_decho_srt_399.wav,必须有你在身旁,小昔涟
%(title)s.%(ext)s_Vocals_decho_srt_400.wav,白垩还有我,小昔涟
%(title)s.%(ext)s_Vocals_decho_srt_401.wav,我们心底的勇气才能被唤醒,小昔涟
%(title)s.%(ext)s_Vocals_decho_srt_402.wav,我知道，你在看着，对吗？,小昔涟
%(title)s.%(ext)s_Vocals_decho_srt_403.wav,未来的大英雄,小昔涟
%(title)s.%(ext)s_Vocals_decho_srt_404.wav,也许，这就是正确答案呢。,小昔涟
%(title)s.%(ext)s_Vocals_decho_srt_405.wav,好久不见,小昔涟
%(title)s.%(ext)s_Vocals_decho_srt_406.wav,提宁大人白垩,小昔涟
%(title)s.%(ext)s_Vocals_decho_srt_407.wav,还有嘿嗨,小昔涟
%(title)s.%(ext)s_Vocals_decho_srt_408.wav,看见你在,小昔涟
%(title)s.%(ext)s_Vocals_decho_srt_409.wav,真令人开心啊,小昔涟
%(title)s.%(ext)s_Vocals_decho_srt_410.wav,怎么一副难以置信的表情，难道是…想我了？,小昔涟
%(title)s.%(ext)s_Vocals_decho_srt_411.wav,难道是想我了,小昔涟
%(title)s.%(ext)s_Vocals_decho_srt_412.wav,我本该跟着祭司一起撤离的,小昔涟
%(title)s.%(ext)s_Vocals_decho_srt_413.wav,但听说圣女大人身边有一位白发青年,小昔涟
%(title)s.%(ext)s_Vocals_decho_srt_414.wav,我猜到是你，就趁着人们不注意，偷偷溜回来啦。,小昔涟
%(title)s.%(ext)s_Vocals_decho_srt_415.wav,是个心急的大男孩呀,小昔涟
%(title)s.%(ext)s_Vocals_decho_srt_416.wav,你们说不定很合拍呢,小昔涟
%(title)s.%(ext)s_Vocals_decho_srt_417.wav,别怕，你已经有答案了，不是么？,小昔涟
%(title)s.%(ext)s_Vocals_decho_srt_418.wav,不是吗,小昔涟
%(title)s.%(ext)s_Vocals_decho_srt_419.wav,如果这张牌就是你的选择，我支持你。,小昔涟
%(title)s.%(ext)s_Vocals_decho_srt_420.wav,我支持你,小昔涟
%(title)s.%(ext)s_Vocals_decho_srt_421.wav,因为我也忘不了哀丽秘榭的田野,小昔涟
%(title)s.%(ext)s_Vocals_decho_srt_422.wav,红叶树下有我的小秋千,小昔涟
%(title)s.%(ext)s_Vocals_decho_srt_423.wav,我会在上面做甜甜的梦,小昔涟
%(title)s.%(ext)s_Vocals_decho_srt_424.wav,还有迷路迷境的小妖精们,小昔涟
%(title)s.%(ext)s_Vocals_decho_srt_425.wav,想到再也见不到他们,小昔涟
%(title)s.%(ext)s_Vocals_decho_srt_426.wav,心就会很痛很痛,小昔涟
%(title)s.%(ext)s_Vocals_decho_srt_427.wav,这份悲伤不会骗人,小昔涟
%(title)s.%(ext)s_Vocals_decho_srt_428.wav,我们的故乡只是个小村庄,小昔涟
%(title)s.%(ext)s_Vocals_decho_srt_429.wav,但对于小小的你和我,小昔涟
%(title)s.%(ext)s_Vocals_decho_srt_430.wav,它就是整个世界,小昔涟
%(title)s.%(ext)s_Vocals_decho_srt_431.wav,可是白垩,小昔涟
%(title)s.%(ext)s_Vocals_decho_srt_432.wav,只靠这些还不够仇,小昔涟
%(title)s.%(ext)s_Vocals_decho_srt_433.wav,恨,小昔涟
%(title)s.%(ext)s_Vocals_decho_srt_434.wav,是能让人长大,小昔涟
%(title)s.%(ext)s_Vocals_decho_srt_435.wav,仇恨是能让人长大，让男孩成为坚不可摧的战士。,小昔涟
%(title)s.%(ext)s_Vocals_decho_srt_436.wav,但你现在需要的是一场胜利,小昔涟
%(title)s.%(ext)s_Vocals_decho_srt_437.wav,那就不能只把沉痛的过去当做砝码,小昔涟
%(title)s.%(ext)s_Vocals_decho_srt_438.wav,而是要把「未来」的重量，也压在天秤上。,小昔涟
%(title)s.%(ext)s_Vocals_decho_srt_439.wav,好像说了很难懂的话呢，其实很简单啦。,小昔涟
%(title)s.%(ext)s_Vocals_decho_srt_440.wav,其实很简单啦,小昔涟
%(title)s.%(ext)s_Vocals_decho_srt_441.wav,就让我们共同的伙伴，带着「救世主」一起走上天平吧？,小昔涟
%(title)s.%(ext)s_Vocals_decho_srt_442.wav,可以拜托你吗？,小昔涟
%(title)s.%(ext)s_Vocals_decho_srt_443.wav,嘿嘿放心吧,小昔涟
%(title)s.%(ext)s_Vocals_decho_srt_444.wav,我敢打赌,小昔涟
%(title)s.%(ext)s_Vocals_decho_srt_445.wav,那位王储不会发现的天平在犹豫,小昔涟
%(title)s.%(ext)s_Vocals_decho_srt_446.wav,我想泰坦的意思是,小昔涟
%(title)s.%(ext)s_Vocals_decho_srt_447.wav,我想，泰坦的意思是，比世界命运更沉重的不是个人的信念。,小昔涟
%(title)s.%(ext)s_Vocals_decho_srt_448.wav,而是一种愿望,小昔涟
%(title)s.%(ext)s_Vocals_decho_srt_449.wav,它属于我,小昔涟
%(title)s.%(ext)s_Vocals_decho_srt_450.wav,你在场的每个人,小昔涟
%(title)s.%(ext)s_Vocals_decho_srt_451.wav,压落秤盘的并非白垩的决心,小昔涟
%(title)s.%(ext)s_Vocals_decho_srt_452.wav,而是这张神谕牌承载的世人对救世主的呼唤,小昔涟
%(title)s.%(ext)s_Vocals_decho_srt_453.wav,他们说,小昔涟
%(title)s.%(ext)s_Vocals_decho_srt_454.wav,他们说，这世上的英雄，本该和天上的繁星一样多……,小昔涟
%(title)s.%(ext)s_Vocals_decho_srt_455.wav,可如今，却只剩下我们了啊。,小昔涟
%(title)s.%(ext)s_Vocals_decho_srt_456.wav,黑潮，终究还是席卷了世界……,小昔涟
%(title)s.%(ext)s_Vocals_decho_srt_457.wav,只剩三个小时了啊……,小昔涟
%(title)s.%(ext)s_Vocals_decho_srt_458.wav,我们是为了回应世界的愿望而启程的，对吧？,小昔涟
%(title)s.%(ext)s_Vocals_decho_srt_459.wav,翁法罗斯的愿望，如此不讲道理呢？,小昔涟
%(title)s.%(ext)s_Vocals_decho_srt_460.wav,明明在每一个正确的时间点,小昔涟
%(title)s.%(ext)s_Vocals_decho_srt_461.wav,大家已经尽己所能做出了最正确的选择,小昔涟
%(title)s.%(ext)s_Vocals_decho_srt_462.wav,可到头来指引我们的神域,小昔涟
%(title)s.%(ext)s_Vocals_decho_srt_463.wav,吞没世界的黑潮,小昔涟
%(title)s.%(ext)s_Vocals_decho_srt_464.wav,为什么，是这种样子呢？,小昔涟
%(title)s.%(ext)s_Vocals_decho_srt_465.wav,让您的沉眠,小昔涟
%(title)s.%(ext)s_Vocals_decho_srt_466.wav,向您致歉,小昔涟
%(title)s.%(ext)s_Vocals_decho_srt_467.wav,波罗尼斯,小昔涟
%(title)s.%(ext)s_Vocals_decho_srt_468.wav,不用再和我确认决心啦，白厄。,小昔涟
%(title)s.%(ext)s_Vocals_decho_srt_469.wav,白垩从走出村子的那一刻起,小昔涟
%(title)s.%(ext)s_Vocals_decho_srt_470.wav,我们就做好反抗命运的准备了,小昔涟
%(title)s.%(ext)s_Vocals_decho_srt_471.wav,不是吗,小昔涟
%(title)s.%(ext)s_Vocals_decho_srt_472.wav,然后…再成为照亮新世界的第一缕火光。,小昔涟
%(title)s.%(ext)s_Vocals_decho_srt_473.wav,由泰坦揭示的未来……,小昔涟
%(title)s.%(ext)s_Vocals_decho_srt_474.wav,那一定是个不同以往的浪漫故事。,小昔涟
%(title)s.%(ext)s_Vocals_decho_srt_475.wav,你也是这么想的，对吧？,小昔涟
%(title)s.%(ext)s_Vocals_decho_srt_476.wav,我们是为了回应世界的愿望而启程的，对吧？,小昔涟
%(title)s.%(ext)s_Vocals_decho_srt_477.wav,翁法罗斯的愿望，如此不讲道理呢？,小昔涟
%(title)s.%(ext)s_Vocals_decho_srt_478.wav,明明在每一个正确的时间点,小昔涟
%(title)s.%(ext)s_Vocals_decho_srt_479.wav,大家已经尽己所能做出了最正确的选择,小昔涟
%(title)s.%(ext)s_Vocals_decho_srt_480.wav,可到头来指引我们的神域,小昔涟
%(title)s.%(ext)s_Vocals_decho_srt_481.wav,吞没世界的黑潮,小昔涟
%(title)s.%(ext)s_Vocals_decho_srt_482.wav,为什么，是这种样子呢？,小昔涟
%(title)s.%(ext)s_Vocals_decho_srt_483.wav,站在这里,小昔涟
%(title)s.%(ext)s_Vocals_decho_srt_484.wav,泰坦的声音前所未有的清晰,小昔涟
%(title)s.%(ext)s_Vocals_decho_srt_485.wav,原来他们是从黑潮中传来的呀,小昔涟
%(title)s.%(ext)s_Vocals_decho_srt_486.wav,那是「翁法罗斯」在哭泣吗？,小昔涟
%(title)s.%(ext)s_Vocals_decho_srt_487.wav,白厄你还记得吗,小昔涟
%(title)s.%(ext)s_Vocals_decho_srt_488.wav,小时候我做过一个梦,小昔涟
%(title)s.%(ext)s_Vocals_decho_srt_489.wav,梦里是个昏暗冰冷的小房间,小昔涟
%(title)s.%(ext)s_Vocals_decho_srt_490.wav,只有欧洛尼斯的帷幕在闪闪发光,小昔涟
%(title)s.%(ext)s_Vocals_decho_srt_491.wav,就像晶莹的水晶,小昔涟
%(title)s.%(ext)s_Vocals_decho_srt_492.wav,他的帷幕仿佛能装下整个翁法罗斯,小昔涟
%(title)s.%(ext)s_Vocals_decho_srt_493.wav,光怪陆离的戏剧在其中上演,小昔涟
%(title)s.%(ext)s_Vocals_decho_srt_494.wav,里面有无数个我们，来自无数个不同的世界。,小昔涟
%(title)s.%(ext)s_Vocals_decho_srt_495.wav,是呀看着眼前的世界,小昔涟
%(title)s.%(ext)s_Vocals_decho_srt_496.wav,悲伤的念头还是化作了现实,小昔涟
%(title)s.%(ext)s_Vocals_decho_srt_497.wav,原来这才是天空被封闭的原因,小昔涟
%(title)s.%(ext)s_Vocals_decho_srt_498.wav,翁法罗斯也只是更大的哀丽秘榭,小昔涟
%(title)s.%(ext)s_Vocals_decho_srt_499.wav,我们只是这小小世界的戏中人,小昔涟
%(title)s.%(ext)s_Vocals_decho_srt_500.wav,沿着神谕的指引,小昔涟
%(title)s.%(ext)s_Vocals_decho_srt_501.wav,一遍又一遍踏上相同的旅程,小昔涟
%(title)s.%(ext)s_Vocals_decho_srt_502.wav,那所谓的「再创世」…究竟是什么？,小昔涟
%(title)s.%(ext)s_Vocals_decho_srt_503.wav,看着这一切的观众，又在期待什么呢？,小昔涟
%(title)s.%(ext)s_Vocals_decho_srt_504.wav,在你眼中,小昔涟
%(title)s.%(ext)s_Vocals_decho_srt_505.wav,在你眼中，所有牺牲的人，都只是一串渺小的数字吗？,小昔涟
%(title)s.%(ext)s_Vocals_decho_srt_506.wav,…或者，我们还有一个选择。,小昔涟
%(title)s.%(ext)s_Vocals_decho_srt_507.wav,就像你说的,小昔涟
%(title)s.%(ext)s_Vocals_decho_srt_508.wav,翁法罗斯只是一场实验,小昔涟
%(title)s.%(ext)s_Vocals_decho_srt_509.wav,我们是局中人,小昔涟
%(title)s.%(ext)s_Vocals_decho_srt_510.wav,只能沿着既定的轨迹走向被星星注视的结局,小昔涟
%(title)s.%(ext)s_Vocals_decho_srt_511.wav,但那也意味着，会向翁法罗斯投来瞥视的「星神」，肯定不止一位吧？,小昔涟
%(title)s.%(ext)s_Vocals_decho_srt_512.wav,哎呀这个问题很难回答吗,小昔涟
%(title)s.%(ext)s_Vocals_decho_srt_513.wav,还是说我猜对了,小昔涟
%(title)s.%(ext)s_Vocals_decho_srt_514.wav,这个世界早就在其他星神的视线中了？,小昔涟
%(title)s.%(ext)s_Vocals_decho_srt_515.wav,因为怎么想都很奇怪嘛,小昔涟
%(title)s.%(ext)s_Vocals_decho_srt_516.wav,明明只要冷眼旁观,小昔涟
%(title)s.%(ext)s_Vocals_decho_srt_517.wav,看着我们完成仪式,小昔涟
%(title)s.%(ext)s_Vocals_decho_srt_518.wav,被黑潮吞噬,小昔涟
%(title)s.%(ext)s_Vocals_decho_srt_519.wav,你的目的自然就能达成,小昔涟
%(title)s.%(ext)s_Vocals_decho_srt_520.wav,何必多此一举，向我们解释这么多呢？,小昔涟
%(title)s.%(ext)s_Vocals_decho_srt_521.wav,嗯一点小小的勇气和决心呵,小昔涟
%(title)s.%(ext)s_Vocals_decho_srt_522.wav,开玩笑的,小昔涟
%(title)s.%(ext)s_Vocals_decho_srt_523.wav,其实答案很简单了,小昔涟
%(title)s.%(ext)s_Vocals_decho_srt_524.wav,不过，我们可不打算告诉你♪,小昔涟
%(title)s.%(ext)s_Vocals_decho_srt_525.wav,我们要给翁法罗斯编织一场长长的梦,小昔涟
%(title)s.%(ext)s_Vocals_decho_srt_526.wav,让他相信实验仍未结束,小昔涟
%(title)s.%(ext)s_Vocals_decho_srt_527.wav,一切仍在继续,小昔涟
%(title)s.%(ext)s_Vocals_decho_srt_528.wav,是啊,小昔涟
%(title)s.%(ext)s_Vocals_decho_srt_529.wav,是啊。所以，我只能寄希望于童年的那场梦……,小昔涟
%(title)s.%(ext)s_Vocals_decho_srt_530.wav,在那梦里出现的，欧洛尼斯背后的神明。,小昔涟
%(title)s.%(ext)s_Vocals_decho_srt_531.wav,现在我能够确信岁月就是那位星神记录翁法罗斯的书页,小昔涟
%(title)s.%(ext)s_Vocals_decho_srt_532.wav,如果他从世上消失,小昔涟
%(title)s.%(ext)s_Vocals_decho_srt_533.wav,她铭记的一切在星空中遗失,小昔涟
%(title)s.%(ext)s_Vocals_decho_srt_534.wav,那位星神一定会将视线投向这里,小昔涟
%(title)s.%(ext)s_Vocals_decho_srt_535.wav,那会是一道跨越时空的瞥视,小昔涟
%(title)s.%(ext)s_Vocals_decho_srt_536.wav,它将让今后的每一个我都能够化作你重置岁月的力量,小昔涟
%(title)s.%(ext)s_Vocals_decho_srt_537.wav,将我的灵魂注入这柄仪式剑,小昔涟
%(title)s.%(ext)s_Vocals_decho_srt_538.wav,创造一场永不终结的逐火之旅,小昔涟
%(title)s.%(ext)s_Vocals_decho_srt_539.wav,好啦,小昔涟
%(title)s.%(ext)s_Vocals_decho_srt_540.wav,「好啦，别让气氛这么沉重嘛。」,小昔涟
%(title)s.%(ext)s_Vocals_decho_srt_541.wav,「我们将要踏上的，可是真正的英雄之旅呀。所以……」,小昔涟
%(title)s.%(ext)s_Vocals_decho_srt_542.wav,所以,小昔涟
%(title)s.%(ext)s_Vocals_decho_srt_543.wav,「笑一笑，好吗？」,小昔涟
%(title)s.%(ext)s_Vocals_decho_srt_544.wav,在那记忆中,小昔涟
%(title)s.%(ext)s_Vocals_decho_srt_545.wav,你一定会再次遇见我,小昔涟
%(title)s.%(ext)s_Vocals_decho_srt_546.wav,那个一无所知的小昔涟,小昔涟
%(title)s.%(ext)s_Vocals_decho_srt_547.wav,会躺在软软的草堆上,小昔涟
%(title)s.%(ext)s_Vocals_decho_srt_548.wav,吹着轻快的风,小昔涟
%(title)s.%(ext)s_Vocals_decho_srt_549.wav,憧憬着远方的世界,小昔涟
%(title)s.%(ext)s_Vocals_decho_srt_550.wav,把逐火之旅讲给他听吧,小昔涟
%(title)s.%(ext)s_Vocals_decho_srt_551.wav,然后让他也成为这故事中浪漫的一笔,小昔涟
%(title)s.%(ext)s_Vocals_decho_srt_552.wav,我相信未来的每一个她都会做出和我同样的选择,小昔涟
%(title)s.%(ext)s_Vocals_decho_srt_553.wav,无数次抹除岁月,小昔涟
%(title)s.%(ext)s_Vocals_decho_srt_554.wav,无数次重置时间,小昔涟
%(title)s.%(ext)s_Vocals_decho_srt_555.wav,呵呵毕竟他们都是我呀,小昔涟
%(title)s.%(ext)s_Vocals_decho_srt_556.wav,而人家的魅力就是始终如一,小昔涟
%(title)s.%(ext)s_Vocals_decho_srt_557.wav,然后我就会沉入甜甜的梦乡,小昔涟
%(title)s.%(ext)s_Vocals_decho_srt_558.wav,消失在世界的小角落里,小昔涟
%(title)s.%(ext)s_Vocals_decho_srt_559.wav,静静地，等待下一页被翻开的那天。,小昔涟
%(title)s.%(ext)s_Vocals_decho_srt_560.wav,守望岁月的少女，和背负世界的战士……,小昔涟
%(title)s.%(ext)s_Vocals_decho_srt_561.wav,现在，就让我们履行「岁月」和「负世」的使命……,小昔涟
%(title)s.%(ext)s_Vocals_decho_srt_562.wav,继往，开来吧。,小昔涟
%(title)s.%(ext)s_Vocals_decho_srt_563.wav,你要握紧这柄仪式剑,小昔涟
%(title)s.%(ext)s_Vocals_decho_srt_564.wav,在我离去后,小昔涟
%(title)s.%(ext)s_Vocals_decho_srt_565.wav,他会把你送回时间的起点,小昔涟
%(title)s.%(ext)s_Vocals_decho_srt_566.wav,一段新故事的开篇,小昔涟
%(title)s.%(ext)s_Vocals_decho_srt_567.wav,我相信在那段故事里,小昔涟
%(title)s.%(ext)s_Vocals_decho_srt_568.wav,又或者无数段相似而不相同的故事之后,小昔涟
%(title)s.%(ext)s_Vocals_decho_srt_569.wav,大家所有牺牲的伙伴都能和我们儿时憧憬的救世主一起,小昔涟
%(title)s.%(ext)s_Vocals_decho_srt_570.wav,在更辽阔的星空下相聚,小昔涟
%(title)s.%(ext)s_Vocals_decho_srt_571.wav,所以我们该启程了,小昔涟
%(title)s.%(ext)s_Vocals_decho_srt_572.wav,成为开启一切的人,小昔涟
%(title)s.%(ext)s_Vocals_decho_srt_573.wav,就像你的名字那样,小昔涟
%(title)s.%(ext)s_Vocals_decho_srt_574.wav,就像你的名字那样，背负起最初的混沌，和这个我们深爱的世界吧……,小昔涟
%(title)s.%(ext)s_Vocals_decho_srt_575.wav,再见啦，卡厄斯兰那。,小昔涟
%(title)s.%(ext)s_Vocals_decho_srt_576.wav,我的过去也一点一点浮出水面了,迷迷
%(title)s.%(ext)s_Vocals_decho_srt_577.wav,嘿你这么聪明,迷迷
%(title)s.%(ext)s_Vocals_decho_srt_578.wav,是不是已经有头绪了,迷迷
%(title)s.%(ext)s_Vocals_decho_srt_579.wav,还是说……,迷迷
%(title)s.%(ext)s_Vocals_decho_srt_580.wav,其实你早就猜到答案了呢？,迷迷
%(title)s.%(ext)s_Vocals_decho_srt_581.wav,一点都不意外对吗,迷迷
%(title)s.%(ext)s_Vocals_decho_srt_582.wav,那是因为人家很单纯,迷迷
%(title)s.%(ext)s_Vocals_decho_srt_583.wav,无论变成什么样子,迷迷
%(title)s.%(ext)s_Vocals_decho_srt_584.wav,都心口如一,迷迷
%(title)s.%(ext)s_Vocals_decho_srt_585.wav,但我很高兴最后能回想起这件事,迷迷
%(title)s.%(ext)s_Vocals_decho_srt_586.wav,如此一来就没有遗憾了,迷迷
%(title)s.%(ext)s_Vocals_decho_srt_587.wav,别担心,迷迷
%(title)s.%(ext)s_Vocals_decho_srt_588.wav,我们不会真的分别,迷迷
%(title)s.%(ext)s_Vocals_decho_srt_589.wav,因为我会变成你的一部分,迷迷
%(title)s.%(ext)s_Vocals_decho_srt_590.wav,化作这个轮回，第33550336次逐火之旅的记忆，永远住进「岁月」半神的心里。,迷迷
%(title)s.%(ext)s_Vocals_decho_srt_591.wav,永远住进岁月"半神的心里,迷迷
%(title)s.%(ext)s_Vocals_decho_srt_592.wav,这样你就能带着全部的过往,迷迷
%(title)s.%(ext)s_Vocals_decho_srt_593.wav,跨越时间,迷迷
%(title)s.%(ext)s_Vocals_decho_srt_594.wav,去往轮回的下一站,迷迷
%(title)s.%(ext)s_Vocals_decho_srt_595.wav,我的使命到此就结束了,迷迷
%(title)s.%(ext)s_Vocals_decho_srt_596.wav,但回想起来还是觉得很幸运,迷迷
%(title)s.%(ext)s_Vocals_decho_srt_597.wav,毕竟在3000万个昔涟中,迷迷
%(title)s.%(ext)s_Vocals_decho_srt_598.wav,毕竟，在三千万个昔涟中，人家可是第一个，也是唯一一个等到你的昔涟呢！,迷迷
%(title)s.%(ext)s_Vocals_decho_srt_599.wav,所以，请相信，在下个轮回，也一定会有「昔涟」在等待着你。,迷迷
%(title)s.%(ext)s_Vocals_decho_srt_600.wav,还有下下个轮回,迷迷
%(title)s.%(ext)s_Vocals_decho_srt_601.wav,下下下个轮回,迷迷
%(title)s.%(ext)s_Vocals_decho_srt_602.wav,我会一直一直等着你,迷迷
%(title)s.%(ext)s_Vocals_decho_srt_603.wav,说出这些话,迷迷
%(title)s.%(ext)s_Vocals_decho_srt_604.wav,人家终于可以安心消失,迷迷
%(title)s.%(ext)s_Vocals_decho_srt_605.wav,成为你的一部分了,迷迷
%(title)s.%(ext)s_Vocals_decho_srt_606.wav,不知不觉中,迷迷
%(title)s.%(ext)s_Vocals_decho_srt_607.wav,我们一起走过了好愉快的旅途呀,迷迷
%(title)s.%(ext)s_Vocals_decho_srt_608.wav,直到世界的尽头都在一起,迷迷
%(title)s.%(ext)s_Vocals_decho_srt_609.wav,现在，握住我的手，做个短暂的道别，然后就去往明天吧。,迷迷
%(title)s.%(ext)s_Vocals_decho_srt_610.wav,然后就去往明天吧,迷迷
%(title)s.%(ext)s_Vocals_decho_srt_611.wav,去找到未来的希连,迷迷
%(title)s.%(ext)s_Vocals_decho_srt_612.wav,和他一起再度踏上旅途吧,迷迷
%(title)s.%(ext)s_Vocals_decho_srt_613.wav,答应我,迷迷
%(title)s.%(ext)s_Vocals_decho_srt_614.wav,可别让我等太久啊,迷迷
%(title)s.%(ext)s_Vocals_decho_srt_615.wav,嘘不用说出来,迷迷
%(title)s.%(ext)s_Vocals_decho_srt_616.wav,对人家来说,迷迷
%(title)s.%(ext)s_Vocals_decho_srt_617.wav,这样就够了,迷迷
%(title)s.%(ext)s_Vocals_decho_srt_618.wav,该出发了,迷迷
%(title)s.%(ext)s_Vocals_decho_srt_619.wav,…伙伴。,迷迷
%(title)s.%(ext)s_Vocals_decho_srt_620.wav,该出发啦，好伙伴！愿你的「开拓」之旅，永远有清风和涟漪相伴……,迷迷
%(title)s.%(ext)s_Vocals_decho_srt_621.wav,愿未来的岁月就像毛绒，包裹着你，永远温暖，永远轻柔！,迷迷
%(title)s.%(ext)s_Vocals_decho_srt_622.wav,永远温暖,迷迷
%(title)s.%(ext)s_Vocals_decho_srt_623.wav,永远轻柔,迷迷
%(title)s.%(ext)s_Vocals_decho_srt_624.wav,现在，翻开下一页吧…,迷迷
%(title)s.%(ext)s_Vocals_decho_srt_625.wav,因你而在的下一页。,迷迷
%(title)s.%(ext)s_Vocals_decho_srt_626.wav,这是命运的邂逅吗？,小昔涟
%(title)s.%(ext)s_Vocals_decho_srt_627.wav,还是…久别重逢呢♪,小昔涟
%(title)s.%(ext)s_Vocals_decho_srt_628.wav,我会等待那一天的到来去,小昔涟
%(title)s.%(ext)s_Vocals_decho_srt_629.wav,总有一天这近乎永恒,小昔涟
%(title)s.%(ext)s_Vocals_decho_srt_630.wav,沿着我们的心情前所未有的结局,小昔涟
%(title)s.%(ext)s_Vocals_decho_srt_631.wav,那一定是个不同以往的浪漫故事。,小昔涟
%(title)s.%(ext)s_Vocals_decho_srt_632.wav,你也是这么想的……对吧？,小昔涟
