filename,text
chapter4_33_cyrenely_101.wav,…真是一段感伤，却又精彩的旅途呀。
chapter4_33_cyrenely_102.wav,而且还没结束…对吗？
chapter4_33_cyrenely_103.wav,果然还是被我说中了吧？最后的最后，你还是成为了这个故事里的救世主呀。
chapter4_33_cyrenely_104.wav,嘻……
chapter4_33_cyrenely_105.wav,但是，在我看来——
chapter4_33_cyrenely_106.wav,你从来都没有变哦，白厄。
chapter4_39_cyrene_101.wav,…当然。
chapter4_39_cyrene_102.wav,这一定是个不同以往的浪漫故事……
chapter4_39_cyrene_103.wav,你也是这么想的，对吧？
chapter4_40_cyrene_101.wav,哎呀，别上当啦……
chapter4_40_cyrene_102.wav,他们在骗你，快回来……
chapter4_40_cyrene_103.wav,别走，他们会装作你记忆里的人……
chapter4_40_cyrene_104.wav,别让坏人骗走你的信任呀……
chapter4_40_cyrene_105.wav,你跑得也太快啦，等等我……
chapter4_40_cyrene_106.wav,那些甜言蜜语，真的很动听……
chapter4_40_cyrene_107.wav,但你要睁大眼睛，千万别被蒙蔽了呀。
chapter4_40_cyrene_108.wav,呼…呼…终于追上你啦。
chapter4_40_cyrene_109.wav,我…没事…只是好久没运动，身体都没力气了……
chapter4_40_cyrene_110.wav,哎呀，在做出决定前，能不能和我聊聊呢，三月？
chapter4_40_cyrene_111.wav,嗯，做个自我介绍吧——我是昔涟，「往昔的涟漪」…很好记的名字，对吧？
chapter4_40_cyrene_112.wav,咦，仔细一看才发现，你和我…是不是有点相似？
chapter4_40_cyrene_113.wav,不仅如此，我们还都是开朗、美丽、乐观的青春少女，真是不可思议的巧合！
chapter4_40_cyrene_114.wav,我们是初次见面哦。但从刚才的记忆里，我已经了解了你的经历。
chapter4_40_cyrene_115.wav,真是难以置信，我们的共同点，或许远比想象中更多呢…我完全理解你的困境，所以更不希望你被坏人利用，受到伤害。
chapter4_40_cyrene_116.wav,毕竟，我可是亲身体会过呢。
chapter4_40_cyrene_117.wav,在这片空荡荡的地方，我独自待了很久很久，久到都快忘了「时间」是什么概念。
chapter4_40_cyrene_118.wav,但有一件事，我记得特别清楚。
chapter4_40_cyrene_119.wav,那扇门背后，绝对没有你想要的答案哦。
chapter4_40_cyrene_120.wav,对。那些对话很真实，也很诱人吧？那是因为，坏人翻看了你的记忆，勾起了你心底最深处的渴望。拨弄女孩子细腻的心绪，真是不可饶恕。
chapter4_40_cyrene_121.wav,如果走进那扇门，最坏的情况，你会变成他们的棋子，再也无法掌控自己的命运。
chapter4_40_cyrene_122.wav,虽然我被困在这里，和你一样失去了记忆，但我还依稀记得那个养育了我的故乡……
chapter4_40_cyrene_123.wav,这扇门的背后是「翁法罗斯」，它绝对不是一个温柔的世界。
chapter4_40_cyrene_124.wav,漫长的时光里，我只能眼睁睁看着人们走进记忆之门。那些人看不见我，也听不见我的呼唤。天外之音总会给出安全的承诺，但我从没见过有人平安归来……
chapter4_40_cyrene_125.wav,所以，我不能对你视而不见。
chapter4_40_cyrene_126.wav,方法其实一点也不复杂，只要回头，然后一步步离开这里就好啦。
chapter4_40_cyrene_127.wav,真难缠，对吧？可千万别听他们的，你要坚定地走下去。
chapter4_40_cyrene_128.wav,返程的路也许要花上很久很久，比普通人一生的时光还要漫长许多……
chapter4_40_cyrene_129.wav,但你要相信，那才是家的方向。
chapter4_40_cyrene_130.wav,咦？为什么……
chapter4_40_cyrene_131.wav,……
chapter4_40_cyrene_132.wav,…这样啊。你也有比生命更重要的伙伴呢。
chapter4_40_cyrene_133.wav,真是听着就让人家怦怦心跳。三月，既然这是你的决定，那我一定站在你这边。
chapter4_40_cyrene_134.wav,谁让我们是如此相似呢？娇弱可爱的外表下，都藏着一颗炽热的真心呢！
chapter4_40_cyrene_135.wav,谁知道呢？
chapter4_40_cyrene_136.wav,不过，你不用替我担心啦。我在这里待了那么久，早就习惯和自己想象出来的朋友聊天啦。
chapter4_40_cyrene_137.wav,……
chapter4_40_cyrene_138.wav,嗯，那我可就满怀期待地等着了哦？
chapter4_40_cyrene_139.wav,去吧，三月。祝愿你们，能写下一段无比浪漫的故事呀♪
chapter4_40_cyrene_140.wav,然后，就在那里，完成你我最初…也是最后的心愿……
chapter4_40_cyrene_141.wav,…为这个我们深爱的世界，写下不同以往的结局吧。
chapter4_21_mem_101.wav,嘿嘿，人家也借着你的光，从「小狗」变成「圣兽」啦。
chapter4_21_mem_102.wav,是呀，不应该让普通民众承担风险，对不对？
chapter4_21_mem_103.wav,放心，有我在，就算有意外…嗯…也是上天堂！
chapter4_21_mem_105.wav,都走到这一步了，所有人都在期待你成为英雄呢！
chapter4_21_mem_106.wav,至于试炼…不用担心。那位岁月之泰坦…虽然有些任性，但从来没有伤害过我们。
chapter4_21_mem_107.wav,神话都说{RUBY_B#岁月之泰坦}欧洛尼斯{RUBY_E#}抗拒凡人，可人家觉得，它只是有些胆小，就像一个…孩子？
chapter4_21_mem_109.wav,求求你啦，相信我吧。至少…至少和它当面谈谈？
chapter4_21_mem_110.wav,人家总有种预感，如果见不到{RUBY_B#岁月之泰坦}欧洛尼斯{RUBY_E#}…可能会错过什么不得了的大事！
chapter4_21_mem_111.wav,蝶能这么平静地讲述，也很不简单呢……
chapter4_21_mem_112.wav,啊？这…哪里暖心啦……
chapter4_21_mem_113.wav,什么？！这才是增加好感度的选项吗？
chapter4_21_mem_114.wav,人家？
chapter4_21_mem_115.wav,唔…眼睛一闭一睁就要试炼了，还有点紧张呢。
chapter4_21_mem_116.wav,这是夸张的修辞手法，表达了人家怦怦跳的心情！
chapter4_21_mem_117.wav,是一「位」，人家也是「一位」啦。
chapter4_21_mem_122.wav,拍拍…拍拍……
chapter4_21_mem_124.wav,怎么样，感觉如何？
chapter4_21_mem_125.wav,没错！你看你看，不知道为什么——人家能说话啦！喂喂喂，一二三，喂喂喂，一二三……
chapter4_21_mem_126.wav,对，人家也觉得很神奇！喂喂喂，一二三，喂喂喂，一二三……
chapter4_21_mem_127.wav,好可爱的声音！一定是因为收集了许多记忆，人家的成长远超预期！
chapter4_21_mem_128.wav,而且，听——泰坦的话语也变得更清晰了。
chapter4_21_mem_129.wav,{RUBY_B#岁月之泰坦}欧洛尼斯{RUBY_E#}…它好可怜，被黑斗篷抢走了火种，只能在这么狭小的地方孤独等候……
chapter4_21_mem_130.wav,我们会帮它化解痛苦的，对吗？
chapter4_21_mem_131.wav,母亲…它究竟在呼唤谁？
chapter4_21_mem_132.wav,{RUBY_B#岁月之泰坦}欧洛尼斯{RUBY_E#}，请听我说——
chapter4_21_mem_133.wav,你很累了，对吗？漫长的岁月里，你一直在守护翁法罗斯的命运。人们从记忆中汲取力量，每一丝涟漪都落在你的肩上。
chapter4_21_mem_134.wav,不必再独自承受这些啦，{RUBY_B#岁月之泰坦}欧洛尼斯{RUBY_E#}。从今以后，会有人替你支撑起「岁月」，我们正是为此而来。
chapter4_21_mem_135.wav,可怜的孩子，没事的。请让我们帮助你…请好好睡一觉吧。
chapter4_21_mem_136.wav,缺少之物…是什么？
chapter4_21_mem_137.wav,未来…？
chapter4_21_mem_138.wav,什么…这、这怎么可能？！
chapter4_21_mem_139.wav,{RUBY_B#岁月之泰坦}欧洛尼斯{RUBY_E#}的神性…在消散？试炼要结束了？
chapter4_21_mem_142.wav,我听见你们在谈论{RUBY_B#死亡之泰坦}塞纳托斯{RUBY_E#}。那句告诫，小蝶也很在意。
chapter4_21_mem_143.wav,她离开涡心，回花园了。我们去找她吧？{RUBY_B#死亡之泰坦}塞纳托斯{RUBY_E#}是小蝶一直在找寻的泰坦，无论有没有线索，没人比她更了解「死亡」。
chapter4_21_mem_144.wav,对了，有件事得提前告诉你。你的遭遇，黄金裔全都知情了……
chapter4_21_mem_145.wav,因为人家太担心，就全部坦白了…唔，不要讨厌我，好不好？
chapter4_21_mem_146.wav,小蝶有什么发现吗？
chapter4_21_mem_148.wav,求求了，原谅人家吧！
chapter4_26_mem_101.wav,呀，伙伴，辩论会终于结束了？你们赢了吗？
chapter4_26_mem_102.wav,咦？可看你的表情……
chapter4_26_mem_103.wav,喔…那就是胜利在望的意思了！
chapter4_26_mem_104.wav,赢得大败…你还挺乐观的嘛。
chapter4_26_mem_105.wav,好啦，先不说这个。你参加辩论的时候，人家也没闲着。
chapter4_26_mem_106.wav,人家从小蝶那里借了好多书，想试试能不能解决你的问题。现在还差……
chapter4_26_mem_107.wav,还差三十二本没读啦！
chapter4_26_mem_108.wav,咦？真、真的？那太好了！真是功夫不负有心人…还有有心迷迷！
chapter4_26_mem_109.wav,人家心里的一块大石头，总算能落地了…呼……
chapter4_26_mem_110.wav,呼…突然…好困……
chapter4_26_mem_111.wav,你…说得…呼…人家…先回…呼……
chapter4_26_mem_112.wav,人家…要先回…呼……
chapter4_27_mem_101.wav,…还可以靠人家哦！
chapter4_27_mem_102.wav,毕竟人家不止外表可爱，还是实力派呢。
chapter4_27_mem_103.wav,啊，这个…人家小小一只，身高不够，可以免票吧？
chapter4_27_mem_104.wav,噢！所以，我们要用那块「贤者之石」，在这里把泰坦给…变出来？
chapter4_27_mem_105.wav,{RUBY_B#死亡之泰坦}塞纳托斯{RUBY_E#}，真是比人家还神秘呢……
chapter4_27_mem_106.wav,好漂亮的蝴蝶，是在和我们说话吗？
chapter4_27_mem_107.wav,感觉后一种说法更可信呢，毕竟它的发言还是有点太…嗯，直抒胸臆？
chapter4_27_mem_109.wav,咦？他能看见我们？
chapter4_27_mem_110.wav,可是，附近也没有「鱼」呀……
chapter4_27_mem_111.wav,你怎么现在就以死者自居啦，别放弃呀！
chapter4_27_mem_112.wav,…就是因为有像你这样恶劣的生者，我们才会被大家误会！
chapter4_27_mem_113.wav,咦…她就这么消失啦？
chapter4_27_mem_114.wav,放心，这时就该人家登场了——
chapter4_27_mem_115.wav,附近有{RUBY_B#岁月之泰坦}欧洛尼斯{RUBY_E#}的「追忆符文」，使用祷言，让河流回到还没泛滥的时候吧！
chapter4_27_mem_116.wav,来，这边这边！
chapter4_27_mem_117.wav,啊…怎么这也有小黑怪，它们还能在冥河里游泳？
chapter4_27_mem_118.wav,这些已经被打倒的家伙，难道是……
chapter4_27_mem_119.wav,搞定！这样就安全啦。
chapter4_27_mem_120.wav,好神奇！就像待在一个巨大的泡泡里，河水都被分开了。
chapter4_27_mem_121.wav,要是丹恒在，冥河水肯定能升天吧……
chapter4_27_mem_122.wav,啊…以前这条路反而是走不通的吗？
chapter4_27_mem_123.wav,这里…有锁链生锈的味道。
chapter4_27_mem_124.wav,你在说什么啦！
chapter4_27_mem_125.wav,好耳熟？这不是寓言童话的情节吗？
chapter4_27_mem_126.wav,一样的台词…看来他也被困在生前的片刻了呀。
chapter4_27_mem_127.wav,这位老人家…看来很难接受现实呀。
chapter4_27_mem_128.wav,小蝶…你还好吗？
chapter4_27_mem_129.wav,没想到在这里也能找到记忆的残像…大概和{RUBY_B#岁月之泰坦}欧洛尼斯{RUBY_E#}的符文有关吧？
chapter4_27_mem_130.wav,那我们再回到「过去」吧！不过，这神迹也太方便了……
chapter4_27_mem_131.wav,这里是过不去的，我们得返回「现在」。
chapter4_27_mem_132.wav,呀…这样的话，反而没有路能走了。
chapter4_27_mem_133.wav,那里的「预言算碑」…也许能派上用途？
chapter4_27_mem_134.wav,别别别害怕，这些亡魂根本就没发现我们。
chapter4_27_mem_135.wav,这里…以前肯定是座很美的庭院。
chapter4_27_mem_136.wav,欸？这个人…好像知道自己已经死了。
chapter4_27_mem_137.wav,小蝶…还是想创造一个没有「死亡」的世界吗？
chapter4_27_mem_138.wav,好大——好空旷呀！这是王国的宝库吗？
chapter4_27_mem_139.wav,用归用…人家可要约法三章，我们回到过去不是为了偷东西。
chapter4_27_mem_140.wav,楼梯断掉了，道路也断掉了，这算是危房吧……
chapter4_27_mem_141.wav,通往更高处的门，是那里吗？好像有人…有魂守着呢。
chapter4_27_mem_142.wav,这种时候，{RUBY_B#岁月之泰坦}欧洛尼斯{RUBY_E#}的助力总会恰到好处地出现呢……
chapter4_27_mem_143.wav,看，那里还有升降平台。
chapter4_27_mem_144.wav,还真是被恰到好处地藏起来了…这是扎格列斯的恶作剧吗？
chapter4_27_mem_145.wav,「过去的宝箱」被留了下来，可里面的财宝却没有留下……
chapter4_27_mem_146.wav,等等！要是奇迹突然失效怎么办？
chapter4_27_mem_147.wav,咦，他怎么那么惊慌？是被黑潮造物吓到了吗？
chapter4_27_mem_148.wav,还是说…他是被自己惊人的威力给吓坏了？
chapter4_27_mem_149.wav,莫非…他也活在「死亡」降临前的时代？
chapter4_27_mem_150.wav,啊？等等等等……
chapter4_27_mem_151.wav,所以，小蝶…从巨龙怀中诞生的少女，那些幽灵口中「死亡」的化身…就是你？！
chapter4_27_mem_152.wav,这、这是……
chapter4_27_mem_153.wav,但…「死亡」不就是由它带来世间的吗？
chapter4_27_mem_154.wav,咦，怎么回事？小蝶你应该还没伸手吧……
chapter4_27_mem_155.wav,又又又来了…这究竟是什么动静？
chapter4_27_mem_156.wav,小蝶…确定要这么做吗？那个炼金术士还说，要把你当成祭品……
chapter4_27_mem_157.wav,唔，附近好像也没有其他能用的了……
chapter4_27_mem_158.wav,呜…人家要是再厉害点，就可以四肢各抓一个，带你们一块飞过去了。
chapter4_27_mem_159.wav,明明这里有着「追忆符文」，却到处找不见「奇迹宝珠」，真奇怪……
chapter4_27_mem_160.wav,莫非，是在远处那座崩塌的塔楼里？
chapter4_27_mem_161.wav,关键时刻，还是得人家出马呀…稍等，我去一探究竟！
chapter4_27_mem_162.wav,听着怪怪的…算了，都交给人家吧！
chapter4_27_mem_163.wav,需要人家帮助的时候，就大声叫我吧！
chapter4_27_mem_164.wav,收到，交给人家吧！
chapter4_27_mem_165.wav,…人家怎么又变成松鼠了？
chapter4_27_mem_166.wav,嘿嘿，人家果然也适合当{RUBY_B#岁月之泰坦}欧洛尼斯{RUBY_E#}祭司吧？
chapter4_27_mem_167.wav,小缇安？你不是已经……
chapter4_27_mem_168.wav,什、什么？人家怎么越来越混乱了……
chapter4_27_mem_169.wav,不过…听小缇安的意思，我们确实也快要到冥界的入口了。
chapter4_27_mem_170.wav,话都说到这份上了，却还要留下遗憾…这种事情不要啊！
chapter4_27_mem_173.wav,…往昔？
chapter4_27_mem_174.wav,你是说…玻吕刻斯？
chapter4_27_mem_175.wav,那，按照刚才炼金术士的说法…小蝶你也是巨龙残躯的一部分？
chapter4_27_mem_176.wav,啊，人家也听到了！所以那是？
chapter4_27_mem_177.wav,啊！所以这一路上，我们不是捡拾到了某物……
chapter4_27_mem_178.wav,可这些…都只是猜想吧？万一我们完成了仪式，结果却又完全不是这么一回事呢？
chapter4_27_mem_179.wav,她…认出你了？这应该是我们第一次见到能沟通的…灵魂吧？
chapter4_27_mem_180.wav,…伙伴…怎么…？！
chapter4_27_mem_182.wav,这…怎、怎么办？还能抢救一下吗？
chapter4_27_mem_183.wav,没问题！人家最擅长的就是关心照顾别人了。
chapter4_27_mem_184.wav,去吧，小蝶。你也要记得…别给自己留下遗憾哪。
chapter4_27_mem_185.wav,这种时候就别开玩笑了！
chapter4_27_mem_186.wav,好多…大家还撑得住吗？
chapter4_29_mem_101.wav,「这一切，就是你曾经活过的证明。」
chapter4_29_mem_102.wav,「你的灵魂、记忆、曾走过的岁月，和{RUBY_B#岁月之泰坦，欧洛尼斯}它{RUBY_E#}为你揭示的，家的方向。」
chapter4_29_mem_103.wav,「所以，前进吧。不要停下向前的脚步，不要辜负她的牺牲，还有曾经与你同行的一切——」
chapter4_29_mem_104.wav,好伙伴，这边——！
chapter4_29_mem_105.wav,抓住人家的手，我们一起回家——！
chapter4_31_mem_101.wav,你没事吧？
chapter4_31_mem_102.wav,话虽如此，真亏你能想到这种训练方式。在岁月的长河中与过去的幻影交战，就像是吟游诗人口中的「时间与精神之圣所」……
chapter4_31_mem_103.wav,毕竟哈托努斯也是逐火之旅的一员，干劲满满呢！
chapter4_31_mem_104.wav,不过，白厄，倒是你这边，人家一直有些在意……
chapter4_31_mem_105.wav,这段时间，你是不是对那黑衣剑士…越来越执着了？
chapter4_31_mem_106.wav,这个问题，人家憋在肚子里好久了！你是在变得越来越强，但不安的种子，也在人家的小身体里发芽长大哦！
chapter4_31_mem_107.wav,好呀，是人家最期待的环节！努力过后就要好好享受，对不对？
chapter4_31_mem_108.wav,今天我一定要…嘿嘿……
chapter4_31_mem_109.wav,是女孩子的小秘密，就别追问啦。
chapter4_31_mem_110.wav,好主意！…不过，那以后再来树庭就没盼头了。
chapter4_31_mem_111.wav,到了！上次那块石板在哪？是这里，还是这里……
chapter4_31_mem_112.wav,人家先去玩啦！现在是自由活动时间，你也要放松放松哦。
chapter4_31_mem_113.wav,唔……
chapter4_31_mem_114.wav,耕耘月，幕匿时，宜食稻麦作物，忌垂钓……
chapter4_31_mem_115.wav,不过现在的翁法罗斯，好像也没有可以钓鱼的地方？
chapter4_31_mem_116.wav,呀，吓我一跳！
chapter4_31_mem_118.wav,好啦好啦，不开玩笑了。这里…这里什么都没有！人家去别处看看。
chapter4_31_mem_119.wav,这些卡牌的牌面，好精致呀……
chapter4_31_mem_120.wav,「君王」…「织者」…「羁客」…「医者」……
chapter4_31_mem_121.wav,唔，但是每一张牌的解读都这么长？要全都背下来吗……
chapter4_31_mem_123.wav,但你一定很忙，对吧？所以人家先不打扰你啦，祝你今天…每一天都过得开心！
chapter4_31_mem_124.wav,……
chapter4_31_mem_125.wav,你呀…是真的很执着呢。算了算了，人家就是对你这种性格毫无抵抗力……
chapter4_31_mem_126.wav,你怎么也来啦！
chapter4_31_mem_127.wav,人家是想准备个惊喜，悄悄学成，吓你们一跳！
chapter4_31_mem_128.wav,可中途被发现了，难免会害羞的嘛。少女柔弱的心弦，可比艾格勒阴晴不定多啦……
chapter4_31_mem_129.wav,白厄还有这样的朋友，那你应该对各类占卜术都挺熟悉的？
chapter4_31_mem_130.wav,占卜…在人家看来，也许是一种指引心灵的力量。
chapter4_31_mem_131.wav,命运总在人的前路投下阴影，让他们无法清晰地看见自己的未来。
chapter4_31_mem_132.wav,所以人们才需要占卜，只是想给自己一些小小的理由，鼓起跨越那片未知的勇气……
chapter4_31_mem_133.wav,毕竟《占卜全书》第一章讲的就是「占卜的意义」，我只是稍微进行了一点延展思考！
chapter4_31_mem_134.wav,就是因为结果有好有坏，占卜才有意义呀。
chapter4_31_mem_135.wav,坏的征兆也是一种指引，至少能勾起人们的警觉，对吧？
chapter4_31_mem_136.wav,哇…好精致！人家也好想拥有这样的牌呀。
chapter4_31_mem_137.wav,喔，经你这么一提醒，还真是！要是能换成其他材质，比如水晶…就更好啦！
chapter4_31_mem_138.wav,这些人，来者不善呢……
chapter4_33_mem_101.wav,白厄，他真的生气了……
chapter4_33_mem_102.wav,你还好吗？
chapter4_33_mem_103.wav,白厄……
chapter4_33_mem_104.wav,我们…现在该怎么办？
chapter4_33_mem_105.wav,天啊……
chapter4_33_mem_114.wav,白厄他，好会说呀。
chapter4_33_mem_115.wav,…哦！好吧。
chapter4_33_mem_116.wav,嗯嗯，可不是嘛！
chapter4_33_mem_117.wav,…你还真是自信呀？
chapter4_34_mem_101.wav,哇，没想到这么高的地方，居然会这么热闹……
chapter4_34_mem_102.wav,这里的人们，是来为黄金裔们送行的吗？
chapter4_34_mem_103.wav,…你真的很喜欢这个称呼呢。算了，接受了这个设定后，人家内心已经毫无波澜啦！
chapter4_34_mem_106.wav,…真的好敷衍呀，搭档！
chapter4_34_mem_107.wav,咦，说到丹恒…他人在哪里呢？
chapter4_35_mem_101.wav,明白！只要找到散落在附近的记忆就行了，对吧？简单，给人家一点时间……
chapter4_35_mem_102.wav,感受时间的流向……
chapter4_35_mem_103.wav,那边……
chapter4_35_mem_104.wav,还有那边！
chapter4_35_mem_105.wav,搞定！这里人烟稀少，岁月的痕迹清晰可见呢。
chapter4_35_mem_106.wav,难不倒人家，给我变——
chapter4_35_mem_107.wav,——出现了！
chapter4_35_mem_108.wav,嗯…啊…好吓人的记忆……
chapter4_35_mem_109.wav,好奇怪。那匹天马和其他记忆不一样，有一股哀伤缠绕着它……
chapter4_35_mem_110.wav,…好沉重，压得人家喘不过气。
chapter4_35_mem_111.wav,小、小心呀！那一只不是记忆的幻影…它好像，还有生命的气息！
chapter4_35_mem_112.wav,但…很扭曲，又很黑暗…就像那些黑潮怪物一样…！
chapter4_35_mem_113.wav,不必惊讶吧？毕竟这是个粉红小狗都会说话的世界……
chapter4_35_mem_114.wav,哎呀，怎么连人家都开始这么自称了！
chapter4_35_mem_115.wav,原来她会说话呀！
chapter4_35_mem_116.wav,风堇…真是个好孩子呀。放心吧，有人家在呢！
chapter4_35_mem_117.wav,这里翻涌的记忆，比入口处更加强烈…人家这就把它们凝结起来，捏捏、捏捏……
chapter4_35_mem_118.wav,…成功啦！
chapter4_35_mem_119.wav,虽然形象上堪称天差地别，但说起来…小伊卡应该也是一只翼兽吧？
chapter4_35_mem_120.wav,难道……
chapter4_35_mem_121.wav,嗯，交给人家吧！
chapter4_35_mem_122.wav,流动…汇聚……
chapter4_35_mem_123.wav,追忆…显形！
chapter4_35_mem_124.wav,…不对劲。
chapter4_35_mem_125.wav,人家能清晰地感觉到，这里的记忆在翻涌。就好像…有许多感情在漫长的岁月中彷徨，不愿就此消失。
chapter4_35_mem_126.wav,那些在这里游荡的记忆，他们似乎在祈求什么…好痛苦，好委屈……
chapter4_35_mem_127.wav,就像…在冥河边徘徊的魂灵……
chapter4_35_mem_128.wav,看，你们快看那边——
chapter4_35x_mem_101.wav,别怕！如果有必要，就施展「岁月」的神力回溯它吧。
chapter4_35x_mem_102.wav,不行呀…祷言的效力不够持久，没法让风场一直倒转。
chapter4_35x_mem_103.wav,没准那台装置能帮到我们？有必要的话就去瞧瞧吧。
chapter4_35x_mem_106.wav,啊，这台装置…好像能增强欧洛尼斯祷言的效力！
chapter4_35x_mem_107.wav,试着用它的力量扭转风场的方向吧，搭档？
chapter4_35x_mem_108.wav,这样一来，祷言应该就能持久回溯啦——
chapter4_35x_mem_109.wav,试着用它操控风场吧，搭档？
chapter4_35x_mem_122.wav,奇迹宝珠——用它打开逃生的大门吧！
chapter4_35x_mem_125.wav,这颗宝珠更加不稳定……
chapter4_35x_mem_126.wav,要找准时机呀，大家！
chapter4_36_mem_101.wav,金线…在颤抖……
chapter4_36_mem_102.wav,「揭开记忆的帷幕——」
chapter4_36_mem_103.wav,成功了！我们走！
chapter4_38_mem_101.wav,白厄…人家，好像也感觉到了什么……
chapter4_38_mem_102.wav,就在刚才，风堇说话的时候…有成百上千股的忆流从我们脚下散逸了出来，升上了天空……
chapter4_38_mem_103.wav,记忆的数量太多、份量太大，哪怕隔着堡垒厚厚的墙壁…人家还是能听得一清二楚……
chapter4_38_mem_104.wav,飞鸟、若虫、人们…他们的记忆全都混杂在了一起，全都在…哭嚎。
chapter4_38_mem_105.wav,这…就是奥赫玛的末日吗……
chapter4_38_mem_106.wav,不必担忧？可是……
chapter4_38_mem_107.wav,大家，可以再跑快些吗？
chapter4_38_mem_108.wav,人家又有些…不祥的预感！
chapter4_38_mem_109.wav,大、大家！
chapter4_38_mem_110.wav,你们快看，身后……
chapter4_38_mem_111.wav,为、为什么？！人家以为奥赫玛是安全的！
chapter4_38_mem_112.wav,它…它到底在说什么呢？！
chapter4_38_mem_113.wav,啊，千钧一发……
chapter4_38_mem_114.wav,那些建筑物……
chapter4_38_mem_115.wav,人家能感觉到…它们的记忆在流失。
chapter4_38_mem_116.wav,嗯…记忆的质料，留存于翁法罗斯的万物之间。哪怕是一砖一瓦，也保留有许多往世的痕迹。
chapter4_38_mem_117.wav,人家也说不好…总之，感觉很不妙。
chapter4_38_mem_118.wav,记忆的质料，留存于翁法罗斯的万物之间…哪怕是一砖一瓦，也保留有许多往事的痕迹。
chapter4_38_mem_119.wav,它——它们追上来了！
chapter4_38_mem_120.wav,难不成，万敌……
chapter4_38_mem_121.wav,白厄，这是……
chapter4_40_mem_101.wav,…怎么啦，伙伴？
chapter4_40_mem_102.wav,人家觉得，你好像若有所思？
chapter4_40_mem_103.wav,哎呀，这种情况，应该是他更担心你才对吧？安心，人家会替他守护你的！
chapter4_40_mem_104.wav,…现在说这个，怕不是有些晚啦。
chapter4_40_mem_105.wav,是啊，真是一段好长好长的路呢……
chapter4_40_mem_106.wav,如果和那位机器先生说的一样，翁法罗斯注定会走向「毁灭」的结局…那人家也要陪伴在你身边，直到最后一刻。
chapter4_40_mem_107.wav,毕竟，就像列车之于你和丹恒…翁法罗斯也是人家的故乡呀。
chapter4_40_mem_108.wav,嗯！我们一起，去见证最后一颗火种归位吧！
chapter4_40_mem_109.wav,看，白厄在那边！还有…咦！
chapter4_33_cyrenely_101.wav,…真是一段感伤，却又精彩的旅途呀。
chapter4_33_cyrenely_102.wav,而且还没结束…对吗？
chapter4_33_cyrenely_103.wav,果然还是被我说中了吧？最后的最后，你还是成为了这个故事里的救世主呀。
chapter4_33_cyrenely_104.wav,嘻……
chapter4_33_cyrenely_105.wav,但是，在我看来——
chapter4_33_cyrenely_106.wav,你从来都没有变哦，白厄。
chapter4_39_cyrene_101.wav,…当然。
chapter4_39_cyrene_102.wav,这一定是个不同以往的浪漫故事……
chapter4_39_cyrene_103.wav,你也是这么想的，对吧？
chapter4_40_cyrene_101.wav,哎呀，别上当啦……
chapter4_40_cyrene_102.wav,他们在骗你，快回来……
chapter4_40_cyrene_103.wav,别走，他们会装作你记忆里的人……
chapter4_40_cyrene_104.wav,别让坏人骗走你的信任呀……
chapter4_40_cyrene_105.wav,你跑得也太快啦，等等我……
chapter4_40_cyrene_106.wav,那些甜言蜜语，真的很动听……
chapter4_40_cyrene_107.wav,但你要睁大眼睛，千万别被蒙蔽了呀。
chapter4_40_cyrene_108.wav,呼…呼…终于追上你啦。
chapter4_40_cyrene_109.wav,我…没事…只是好久没运动，身体都没力气了……
chapter4_40_cyrene_110.wav,哎呀，在做出决定前，能不能和我聊聊呢，三月？
chapter4_40_cyrene_111.wav,嗯，做个自我介绍吧——我是昔涟，「往昔的涟漪」…很好记的名字，对吧？
chapter4_40_cyrene_112.wav,咦，仔细一看才发现，你和我…是不是有点相似？
chapter4_40_cyrene_113.wav,不仅如此，我们还都是开朗、美丽、乐观的青春少女，真是不可思议的巧合！
chapter4_40_cyrene_114.wav,我们是初次见面哦。但从刚才的记忆里，我已经了解了你的经历。
chapter4_40_cyrene_115.wav,真是难以置信，我们的共同点，或许远比想象中更多呢…我完全理解你的困境，所以更不希望你被坏人利用，受到伤害。
chapter4_40_cyrene_116.wav,毕竟，我可是亲身体会过呢。
chapter4_40_cyrene_117.wav,在这片空荡荡的地方，我独自待了很久很久，久到都快忘了「时间」是什么概念。
chapter4_40_cyrene_118.wav,但有一件事，我记得特别清楚。
chapter4_40_cyrene_119.wav,那扇门背后，绝对没有你想要的答案哦。
chapter4_40_cyrene_120.wav,对。那些对话很真实，也很诱人吧？那是因为，坏人翻看了你的记忆，勾起了你心底最深处的渴望。拨弄女孩子细腻的心绪，真是不可饶恕。
chapter4_40_cyrene_121.wav,如果走进那扇门，最坏的情况，你会变成他们的棋子，再也无法掌控自己的命运。
chapter4_40_cyrene_122.wav,虽然我被困在这里，和你一样失去了记忆，但我还依稀记得那个养育了我的故乡……
chapter4_40_cyrene_123.wav,这扇门的背后是「翁法罗斯」，它绝对不是一个温柔的世界。
chapter4_40_cyrene_124.wav,漫长的时光里，我只能眼睁睁看着人们走进记忆之门。那些人看不见我，也听不见我的呼唤。天外之音总会给出安全的承诺，但我从没见过有人平安归来……
chapter4_40_cyrene_125.wav,所以，我不能对你视而不见。
chapter4_40_cyrene_126.wav,方法其实一点也不复杂，只要回头，然后一步步离开这里就好啦。
chapter4_40_cyrene_127.wav,真难缠，对吧？可千万别听他们的，你要坚定地走下去。
chapter4_40_cyrene_128.wav,返程的路也许要花上很久很久，比普通人一生的时光还要漫长许多……
chapter4_40_cyrene_129.wav,但你要相信，那才是家的方向。
chapter4_40_cyrene_130.wav,咦？为什么……
chapter4_40_cyrene_132.wav,…这样啊。你也有比生命更重要的伙伴呢。
chapter4_40_cyrene_133.wav,真是听着就让人家怦怦心跳。三月，既然这是你的决定，那我一定站在你这边。
chapter4_40_cyrene_134.wav,谁让我们是如此相似呢？娇弱可爱的外表下，都藏着一颗炽热的真心呢！
chapter4_40_cyrene_135.wav,谁知道呢？
chapter4_40_cyrene_136.wav,不过，你不用替我担心啦。我在这里待了那么久，早就习惯和自己想象出来的朋友聊天啦。
chapter4_40_cyrene_138.wav,嗯，那我可就满怀期待地等着了哦？
chapter4_40_cyrene_139.wav,去吧，三月。祝愿你们，能写下一段无比浪漫的故事呀♪
chapter4_40_cyrene_140.wav,然后，就在那里，完成你我最初…也是最后的心愿……
chapter4_40_cyrene_141.wav,…为这个我们深爱的世界，写下不同以往的结局吧。
%(title)s.%(ext)s_Vocals_3.5_decho_001.wav,你好呀…♪
%(title)s.%(ext)s_Vocals_3.5_decho_002.wav,开拓者惊讶的样子，也和记忆里如出一辙呢。
%(title)s.%(ext)s_Vocals_3.5_decho_003.wav,也许两者都是呢开个玩笑
%(title)s.%(ext)s_Vocals_3.5_decho_004.wav,一定要选一边的话
%(title)s.%(ext)s_Vocals_3.5_decho_005.wav,应该更接近后者吧
%(title)s.%(ext)s_Vocals_3.5_decho_006.wav,人家也觉得不可思议
%(title)s.%(ext)s_Vocals_3.5_decho_007.wav,就像做了一场长长的梦
%(title)s.%(ext)s_Vocals_3.5_decho_008.wav,昔涟的记忆
%(title)s.%(ext)s_Vocals_3.5_decho_009.wav,迷迷的记忆交织在一起
%(title)s.%(ext)s_Vocals_3.5_decho_010.wav,醒来后只剩下零星片段
%(title)s.%(ext)s_Vocals_3.5_decho_011.wav,我记不得那3000万个轮回里发生了什么
%(title)s.%(ext)s_Vocals_3.5_decho_012.wav,却记得你为这个世界做了什么
%(title)s.%(ext)s_Vocals_3.5_decho_013.wav,比如在树停时
%(title)s.%(ext)s_Vocals_3.5_decho_014.wav,比如在树庭时，你是不是对我许过…「变成少女」之类的心愿？
%(title)s.%(ext)s_Vocals_3.5_decho_015.wav,是呀真奇妙
%(title)s.%(ext)s_Vocals_3.5_decho_016.wav,就像一颗种子长成了花
%(title)s.%(ext)s_Vocals_3.5_decho_017.wav,人家现在也称得上像花儿一样可爱啦
%(title)s.%(ext)s_Vocals_3.5_decho_018.wav,不过虽然有很多话想说
%(title)s.%(ext)s_Vocals_3.5_decho_019.wav,但现在不是回忆过去的时候对吗
%(title)s.%(ext)s_Vocals_3.5_decho_020.wav,我们带着上一次逐火的记忆
%(title)s.%(ext)s_Vocals_3.5_decho_021.wav,回到这里
%(title)s.%(ext)s_Vocals_3.5_decho_022.wav,时间的起点是为了履行和白垩的约定
%(title)s.%(ext)s_Vocals_3.5_decho_023.wav,铁幕的降临近在眼前
%(title)s.%(ext)s_Vocals_3.5_decho_024.wav,而我们还有机会改变这一切
%(title)s.%(ext)s_Vocals_3.5_decho_025.wav,哀力密歇
%(title)s.%(ext)s_Vocals_3.5_decho_026.wav,真安静呀
%(title)s.%(ext)s_Vocals_3.5_decho_027.wav,在昔涟的记忆里
%(title)s.%(ext)s_Vocals_3.5_decho_028.wav,他总是一个人呆在湖边轻晃着秋千
%(title)s.%(ext)s_Vocals_3.5_decho_029.wav,像是在等候谁
%(title)s.%(ext)s_Vocals_3.5_decho_030.wav,似乎不行了
%(title)s.%(ext)s_Vocals_3.5_decho_031.wav,听着很奇怪吧
%(title)s.%(ext)s_Vocals_3.5_decho_032.wav,明明是自己的事
%(title)s.%(ext)s_Vocals_3.5_decho_033.wav,语气却像个旁观者
%(title)s.%(ext)s_Vocals_3.5_decho_034.wav,可记忆就像一层厚厚的冰
%(title)s.%(ext)s_Vocals_3.5_decho_035.wav,模糊不清
%(title)s.%(ext)s_Vocals_3.5_decho_036.wav,人家唯一记得的只有和你一起走过的时光
%(title)s.%(ext)s_Vocals_3.5_decho_037.wav,下一次再创世后
%(title)s.%(ext)s_Vocals_3.5_decho_038.wav,翁法罗斯就会坠入毁灭的结局
%(title)s.%(ext)s_Vocals_3.5_decho_039.wav,但这种故事早就不流行了
%(title)s.%(ext)s_Vocals_3.5_decho_040.wav,在一篇浪漫的史诗中
%(title)s.%(ext)s_Vocals_3.5_decho_041.wav,坏人的阴谋就该被主人公挫败
%(title)s.%(ext)s_Vocals_3.5_decho_042.wav,对吧是呀
%(title)s.%(ext)s_Vocals_3.5_decho_043.wav,她的背后是来股市妄图操纵一切的黑幕
%(title)s.%(ext)s_Vocals_3.5_decho_044.wav,真是不可饶恕
%(title)s.%(ext)s_Vocals_3.5_decho_045.wav,不过人家总有些不安来骨是会走上台前
%(title)s.%(ext)s_Vocals_3.5_decho_046.wav,说出一切
%(title)s.%(ext)s_Vocals_3.5_decho_047.wav,说明他对现状还游刃有余
%(title)s.%(ext)s_Vocals_3.5_decho_048.wav,也许他还握着什么底牌
%(title)s.%(ext)s_Vocals_3.5_decho_049.wav,你想连吕库尔戈斯都是个假名
%(title)s.%(ext)s_Vocals_3.5_decho_050.wav,我们完全不知道那个坏蛋的来历
%(title)s.%(ext)s_Vocals_3.5_decho_051.wav,嗯…开拓者伙伴，是不是得借助一下你身上的宝贝啦？
%(title)s.%(ext)s_Vocals_3.5_decho_052.wav,这是不是有些大材小用了
%(title)s.%(ext)s_Vocals_3.5_decho_053.wav,丹恒嘱托过
%(title)s.%(ext)s_Vocals_3.5_decho_054.wav,不能让你使用那股力量
%(title)s.%(ext)s_Vocals_3.5_decho_055.wav,可千万不要冒险呀
%(title)s.%(ext)s_Vocals_3.5_decho_056.wav,人家说的是食客忙致谢
%(title)s.%(ext)s_Vocals_3.5_decho_057.wav,朋友不是说过吗
%(title)s.%(ext)s_Vocals_3.5_decho_058.wav,必要时他能成为内外沟通的桥梁
%(title)s.%(ext)s_Vocals_3.5_decho_059.wav,哀丽秘榭是被岁月包裹的小村庄
%(title)s.%(ext)s_Vocals_3.5_decho_060.wav,在这里我们或许能和外界取得联系
%(title)s.%(ext)s_Vocals_3.5_decho_061.wav,总之先试试看吧
%(title)s.%(ext)s_Vocals_3.5_decho_062.wav,至少得把你平安无事的好消息
%(title)s.%(ext)s_Vocals_3.5_decho_063.wav,带给天外的朋友们
%(title)s.%(ext)s_Vocals_3.5_decho_064.wav,首先，要找一个隐蔽的角落……
%(title)s.%(ext)s_Vocals_3.5_decho_065.wav,这里静悄悄的，声音传不进来，也传不出去。
%(title)s.%(ext)s_Vocals_3.5_decho_066.wav,也传不出去
%(title)s.%(ext)s_Vocals_3.5_decho_067.wav,在昔涟的记忆里
%(title)s.%(ext)s_Vocals_3.5_decho_068.wav,他把这个房间当做秘密基地
%(title)s.%(ext)s_Vocals_3.5_decho_069.wav,没人发现他在这里偷偷练习欧洛尼斯导言
%(title)s.%(ext)s_Vocals_3.5_decho_070.wav,或者试着和神明对话
%(title)s.%(ext)s_Vocals_3.5_decho_071.wav,但今天不疼对吗
%(title)s.%(ext)s_Vocals_3.5_decho_072.wav,我们要联系的不是遥不可及的神
%(title)s.%(ext)s_Vocals_3.5_decho_073.wav,而是真实存在的
%(title)s.%(ext)s_Vocals_3.5_decho_074.wav,来自其他世界的人类
%(title)s.%(ext)s_Vocals_3.5_decho_075.wav,人家已经准备好见证奇迹了
%(title)s.%(ext)s_Vocals_3.5_decho_076.wav,伙伴律法约束翁法罗斯万物的规则
%(title)s.%(ext)s_Vocals_3.5_decho_077.wav,我们的上一次逐火之旅
%(title)s.%(ext)s_Vocals_3.5_decho_078.wav,这枚火种一开始就被归还了
%(title)s.%(ext)s_Vocals_3.5_decho_079.wav,我…怎么了吗？
%(title)s.%(ext)s_Vocals_3.5_decho_080.wav,真是…两位充满个性的「天才」呢。
%(title)s.%(ext)s_Vocals_3.5_decho_081.wav,好奇怪
%(title)s.%(ext)s_Vocals_3.5_decho_082.wav,总觉得这一幕似曾相识
%(title)s.%(ext)s_Vocals_3.5_decho_083.wav,有些对话
%(title)s.%(ext)s_Vocals_3.5_decho_084.wav,像是我曾经知道却又忘记了的事
%(title)s.%(ext)s_Vocals_3.5_decho_085.wav,难道是靡靡的音响
%(title)s.%(ext)s_Vocals_3.5_decho_086.wav,毕竟他是从伙伴的思绪中诞生的异灵
%(title)s.%(ext)s_Vocals_3.5_decho_087.wav,也许我们的记忆无形中也缠绕在了一起
%(title)s.%(ext)s_Vocals_3.5_decho_088.wav,算了时间紧迫
%(title)s.%(ext)s_Vocals_3.5_decho_089.wav,还是关注更重要的目标吧
%(title)s.%(ext)s_Vocals_3.5_decho_090.wav,就当我是个普普通通的神秘女孩
%(title)s.%(ext)s_Vocals_3.5_decho_091.wav,嗯光历3960年
%(title)s.%(ext)s_Vocals_3.5_decho_092.wav,记得这个时间
%(title)s.%(ext)s_Vocals_3.5_decho_093.wav,塔兰顿已经陨落了
%(title)s.%(ext)s_Vocals_3.5_decho_094.wav,继承火种的黄金翼
%(title)s.%(ext)s_Vocals_3.5_decho_095.wav,名叫克吕德拉
%(title)s.%(ext)s_Vocals_3.5_decho_096.wav,这是书本上的历史
%(title)s.%(ext)s_Vocals_3.5_decho_097.wav,也是我们要前往的岁月
%(title)s.%(ext)s_Vocals_3.5_decho_098.wav,要找到律法阻止来股市
%(title)s.%(ext)s_Vocals_3.5_decho_099.wav,无论如何
%(title)s.%(ext)s_Vocals_3.5_decho_100.wav,我们的方向明确了
%(title)s.%(ext)s_Vocals_3.5_decho_1000.wav,对吧啊
%(title)s.%(ext)s_Vocals_3.5_decho_1001.wav,启程前可以再等我一会儿吗
%(title)s.%(ext)s_Vocals_3.5_decho_1002.wav,想小小收拾一下
%(title)s.%(ext)s_Vocals_3.5_decho_1003.wav,变成这副样子后
%(title)s.%(ext)s_Vocals_3.5_decho_1004.wav,要考虑的事情多了许多
%(title)s.%(ext)s_Vocals_3.5_decho_1005.wav,还有些不适应呢
%(title)s.%(ext)s_Vocals_3.5_decho_1006.wav,这也很重要
%(title)s.%(ext)s_Vocals_3.5_decho_1007.wav,那也很重要
%(title)s.%(ext)s_Vocals_3.5_decho_1008.wav,行囊装不下了啊
%(title)s.%(ext)s_Vocals_3.5_decho_1009.wav,稍等很快就好了
%(title)s.%(ext)s_Vocals_3.5_decho_101.wav,日用品该准备几人份的
%(title)s.%(ext)s_Vocals_3.5_decho_1010.wav,要不要再准备一点惊喜啊
%(title)s.%(ext)s_Vocals_3.5_decho_1011.wav,不许偷看伙伴
%(title)s.%(ext)s_Vocals_3.5_decho_1012.wav,好奇心太重了
%(title)s.%(ext)s_Vocals_3.5_decho_1013.wav,等收拾完人家会给你看的
%(title)s.%(ext)s_Vocals_3.5_decho_1014.wav,先进屋了
%(title)s.%(ext)s_Vocals_3.5_decho_1015.wav,一会儿见
%(title)s.%(ext)s_Vocals_3.5_decho_1016.wav,在想什么呢？
%(title)s.%(ext)s_Vocals_3.5_decho_1017.wav,我收拾好了
%(title)s.%(ext)s_Vocals_3.5_decho_1018.wav,挑了又挑
%(title)s.%(ext)s_Vocals_3.5_decho_1019.wav,最后还是决定只带这几样东西出发给你看
%(title)s.%(ext)s_Vocals_3.5_decho_102.wav,日记本羽毛笔
%(title)s.%(ext)s_Vocals_3.5_decho_1020.wav,还有岁月祭司的仪式剑
%(title)s.%(ext)s_Vocals_3.5_decho_1021.wav,岁月祭司的仪式剑。不知为何，总觉得拿着它就能让人安心。
%(title)s.%(ext)s_Vocals_3.5_decho_1022.wav,黑潮的气息变得平静了
%(title)s.%(ext)s_Vocals_3.5_decho_1023.wav,白垩一定在以某种方式和他们抗争吧
%(title)s.%(ext)s_Vocals_3.5_decho_1024.wav,这是乌法罗斯的最后一次逐火之旅
%(title)s.%(ext)s_Vocals_3.5_decho_1025.wav,但对于我们
%(title)s.%(ext)s_Vocals_3.5_decho_1026.wav,它不是结束
%(title)s.%(ext)s_Vocals_3.5_decho_1027.wav,而是开始
%(title)s.%(ext)s_Vocals_3.5_decho_1028.wav,开拓者，准备好成为英雄了吗？
%(title)s.%(ext)s_Vocals_3.5_decho_1029.wav,像面对任何一位同伴那样就好了
%(title)s.%(ext)s_Vocals_3.5_decho_103.wav,你看我们有共同的目标
%(title)s.%(ext)s_Vocals_3.5_decho_1030.wav,共同的敌人或许也可以拥有共同的未来
%(title)s.%(ext)s_Vocals_3.5_decho_1031.wav,一个从未在任何轮回中出现的未来
%(title)s.%(ext)s_Vocals_3.5_decho_1032.wav,我相信你伙伴如果还是不适应
%(title)s.%(ext)s_Vocals_3.5_decho_1033.wav,就像以前一样
%(title)s.%(ext)s_Vocals_3.5_decho_1034.wav,称呼人家为靡靡吧
%(title)s.%(ext)s_Vocals_3.5_decho_1035.wav,开个玩笑
%(title)s.%(ext)s_Vocals_3.5_decho_1036.wav,是在担心肩上的职责太沉重吗
%(title)s.%(ext)s_Vocals_3.5_decho_1037.wav,放轻松
%(title)s.%(ext)s_Vocals_3.5_decho_1038.wav,也许答案没有那么复杂
%(title)s.%(ext)s_Vocals_3.5_decho_1039.wav,就像你看见的翁法罗斯
%(title)s.%(ext)s_Vocals_3.5_decho_104.wav,所有被冠以英雄之名的人物
%(title)s.%(ext)s_Vocals_3.5_decho_1040.wav,也都是身负缺陷的凡人
%(title)s.%(ext)s_Vocals_3.5_decho_1041.wav,它们只是在每一个被世界需要的场合
%(title)s.%(ext)s_Vocals_3.5_decho_105.wav,恰到好处地出现在了那里
%(title)s.%(ext)s_Vocals_3.5_decho_106.wav,正如3000万事的停滞过后
%(title)s.%(ext)s_Vocals_3.5_decho_107.wav,是你的到来
%(title)s.%(ext)s_Vocals_3.5_decho_108.wav,让翁法罗斯的命运再度开始转动
%(title)s.%(ext)s_Vocals_3.5_decho_109.wav,这不是偶然
%(title)s.%(ext)s_Vocals_3.5_decho_110.wav,而是开拓者的必然
%(title)s.%(ext)s_Vocals_3.5_decho_111.wav,一个人的性格就是他的命运
%(title)s.%(ext)s_Vocals_3.5_decho_112.wav,当你选择登上那辆列车的时候
%(title)s.%(ext)s_Vocals_3.5_decho_113.wav,属于你的英雄之旅就已经启程了
%(title)s.%(ext)s_Vocals_3.5_decho_114.wav,这个承诺…很沉重呢。
%(title)s.%(ext)s_Vocals_3.5_decho_115.wav,但我相信你伙伴开拓背负的使命
%(title)s.%(ext)s_Vocals_3.5_decho_116.wav,就是沉甸甸的呀
%(title)s.%(ext)s_Vocals_3.5_decho_117.wav,这么说来
%(title)s.%(ext)s_Vocals_3.5_decho_118.wav,伙伴拯救过那么多世界
%(title)s.%(ext)s_Vocals_3.5_decho_119.wav,应该早就习惯英雄这个身份了
%(title)s.%(ext)s_Vocals_3.5_decho_120.wav,也许在旅行途中
%(title)s.%(ext)s_Vocals_3.5_decho_121.wav,你可以把那些故事都讲给我听
%(title)s.%(ext)s_Vocals_3.5_decho_122.wav,这样一来
%(title)s.%(ext)s_Vocals_3.5_decho_123.wav,它们也能成为我们共同的回忆
%(title)s.%(ext)s_Vocals_3.5_decho_124.wav,向前开拓吧
%(title)s.%(ext)s_Vocals_3.5_decho_125.wav,就像从前那样
%(title)s.%(ext)s_Vocals_3.5_decho_126.wav,让我们创造一个值得被铭记的未来
%(title)s.%(ext)s_Vocals_3.5_decho_127.wav,100年前
%(title)s.%(ext)s_Vocals_3.5_decho_128.wav,战火点燃了奥赫玛
%(title)s.%(ext)s_Vocals_3.5_decho_129.wav,一帮联军踏破了黎明
%(title)s.%(ext)s_Vocals_3.5_decho_130.wav,贪婪裹挟着惊险
%(title)s.%(ext)s_Vocals_3.5_decho_131.wav,敌人与克法勒的长眠一同袭来
%(title)s.%(ext)s_Vocals_3.5_decho_132.wav,将圣城的墙垣染成鲜红
%(title)s.%(ext)s_Vocals_3.5_decho_133.wav,将军不知所踪
%(title)s.%(ext)s_Vocals_3.5_decho_134.wav,袁老跪地匍匐
%(title)s.%(ext)s_Vocals_3.5_decho_135.wav,人们祈求权势之作的庇护
%(title)s.%(ext)s_Vocals_3.5_decho_136.wav,可他缄默无言
%(title)s.%(ext)s_Vocals_3.5_decho_137.wav,直至天崩地裂
%(title)s.%(ext)s_Vocals_3.5_decho_138.wav,众人的祈求终于得到回应
%(title)s.%(ext)s_Vocals_3.5_decho_139.wav,但那并非神明
%(title)s.%(ext)s_Vocals_3.5_decho_140.wav,而是一支分血海而出的军团
%(title)s.%(ext)s_Vocals_3.5_decho_141.wav,云崖大殿在硫磺雨中坍塌
%(title)s.%(ext)s_Vocals_3.5_decho_142.wav,军团的统帅立于破碎的神像之上
%(title)s.%(ext)s_Vocals_3.5_decho_143.wav,向众生宣告
%(title)s.%(ext)s_Vocals_3.5_decho_144.wav,他也是一名黄金翼
%(title)s.%(ext)s_Vocals_3.5_decho_145.wav,金色的神鞋淌入大地
%(title)s.%(ext)s_Vocals_3.5_decho_146.wav,熄灭了他足下的战火
%(title)s.%(ext)s_Vocals_3.5_decho_147.wav,他的冠冕燃起辉光
%(title)s.%(ext)s_Vocals_3.5_decho_148.wav,比燃烧整座城邦的火更夺目
%(title)s.%(ext)s_Vocals_3.5_decho_149.wav,他高举权杖
%(title)s.%(ext)s_Vocals_3.5_decho_150.wav,人们朝他所指的方向望去
%(title)s.%(ext)s_Vocals_3.5_decho_151.wav,那紧随其后
%(title)s.%(ext)s_Vocals_3.5_decho_152.wav,率先起舞的是一名身姿如游鱼的少女
%(title)s.%(ext)s_Vocals_3.5_decho_153.wav,穿梭于无边血海
%(title)s.%(ext)s_Vocals_3.5_decho_154.wav,愤怒的人民随它汇成巨浪
%(title)s.%(ext)s_Vocals_3.5_decho_155.wav,汹涌澎湃
%(title)s.%(ext)s_Vocals_3.5_decho_156.wav,千万敌军如死
%(title)s.%(ext)s_Vocals_3.5_decho_157.wav,水枯河挥灭无虞
%(title)s.%(ext)s_Vocals_3.5_decho_158.wav,在史书中
%(title)s.%(ext)s_Vocals_3.5_decho_159.wav,这场战役被称作第一次奥赫玛围城战
%(title)s.%(ext)s_Vocals_3.5_decho_160.wav,据说战争过后
%(title)s.%(ext)s_Vocals_3.5_decho_161.wav,人们在城中发现
%(title)s.%(ext)s_Vocals_3.5_decho_162.wav,被火烧过的每一处都显现出了同样的铭文
%(title)s.%(ext)s_Vocals_3.5_decho_163.wav,那是一个名字
%(title)s.%(ext)s_Vocals_3.5_decho_164.wav,它属于奥赫玛
%(title)s.%(ext)s_Vocals_3.5_decho_165.wav,最初亦是最后的建筑
%(title)s.%(ext)s_Vocals_3.5_decho_166.wav,凯撒克吕德拉
%(title)s.%(ext)s_Vocals_3.5_decho_167.wav,嗯伙伴你在听吗
%(title)s.%(ext)s_Vocals_3.5_decho_168.wav,伙伴伙伴唉
%(title)s.%(ext)s_Vocals_3.5_decho_169.wav,真是的
%(title)s.%(ext)s_Vocals_3.5_decho_170.wav,明明是你说要复习一遍历史的
%(title)s.%(ext)s_Vocals_3.5_decho_171.wav,怎么自己睡着了呢
%(title)s.%(ext)s_Vocals_3.5_decho_172.wav,快醒醒呀
%(title)s.%(ext)s_Vocals_3.5_decho_173.wav,要是再不起来
%(title)s.%(ext)s_Vocals_3.5_decho_174.wav,人家只能
%(title)s.%(ext)s_Vocals_3.5_decho_175.wav,哼醒了呀
%(title)s.%(ext)s_Vocals_3.5_decho_176.wav,那就不对
%(title)s.%(ext)s_Vocals_3.5_decho_177.wav,你使用唤醒的魔法了
%(title)s.%(ext)s_Vocals_3.5_decho_178.wav,嗯在说什么呵
%(title)s.%(ext)s_Vocals_3.5_decho_179.wav,你的思绪怎么也回到过去了
%(title)s.%(ext)s_Vocals_3.5_decho_180.wav,我们到目的地了
%(title)s.%(ext)s_Vocals_3.5_decho_181.wav,熟悉的地点
%(title)s.%(ext)s_Vocals_3.5_decho_182.wav,命运三相殿
%(title)s.%(ext)s_Vocals_3.5_decho_183.wav,如果不出意外
%(title)s.%(ext)s_Vocals_3.5_decho_184.wav,现在应该是塔兰顿与乐后不久
%(title)s.%(ext)s_Vocals_3.5_decho_185.wav,同时，也是第一次逐火之旅的尾声。
%(title)s.%(ext)s_Vocals_3.5_decho_186.wav,别担心
%(title)s.%(ext)s_Vocals_3.5_decho_187.wav,时间刚刚好
%(title)s.%(ext)s_Vocals_3.5_decho_188.wav,第一次逐火与律法的试炼做结
%(title)s.%(ext)s_Vocals_3.5_decho_189.wav,我们要在火种被归还前找到半神
%(title)s.%(ext)s_Vocals_3.5_decho_190.wav,取得对方的信任
%(title)s.%(ext)s_Vocals_3.5_decho_191.wav,任务有些艰巨呢
%(title)s.%(ext)s_Vocals_3.5_decho_192.wav,得加快脚步了
%(title)s.%(ext)s_Vocals_3.5_decho_193.wav,先想办法到奥赫玛去吧
%(title)s.%(ext)s_Vocals_3.5_decho_194.wav,那里人来人往
%(title)s.%(ext)s_Vocals_3.5_decho_195.wav,方便打听消息
%(title)s.%(ext)s_Vocals_3.5_decho_196.wav,还不止一个人呢
%(title)s.%(ext)s_Vocals_3.5_decho_197.wav,气氛也很紧张
%(title)s.%(ext)s_Vocals_3.5_decho_198.wav,要是被卷入其中就麻烦了
%(title)s.%(ext)s_Vocals_3.5_decho_199.wav,我们先找个隐蔽的角落躲起来观察下状况吧
%(title)s.%(ext)s_Vocals_3.5_decho_200.wav,哎那不是什么
%(title)s.%(ext)s_Vocals_3.5_decho_201.wav,什么？他…是不是提到了天外的群星？
%(title)s.%(ext)s_Vocals_3.5_decho_202.wav,这怎么可能啊啊这是小心
%(title)s.%(ext)s_Vocals_3.5_decho_203.wav,我们先静观其变
%(title)s.%(ext)s_Vocals_3.5_decho_204.wav,他恐怕是在给我们下马威呢
%(title)s.%(ext)s_Vocals_3.5_decho_205.wav,恕我僭越，您…知道他/她的身份？
%(title)s.%(ext)s_Vocals_3.5_decho_206.wav,这可真是…完全出乎意料的展开啊……
%(title)s.%(ext)s_Vocals_3.5_decho_207.wav,本该苦苦寻找的半神竟然在等待我们的到来
%(title)s.%(ext)s_Vocals_3.5_decho_208.wav,而且他不仅知道天外
%(title)s.%(ext)s_Vocals_3.5_decho_209.wav,还提到了星神
%(title)s.%(ext)s_Vocals_3.5_decho_210.wav,怎么会这样
%(title)s.%(ext)s_Vocals_3.5_decho_211.wav,和过去3000万个翁法罗斯完全不同
%(title)s.%(ext)s_Vocals_3.5_decho_212.wav,是谁改变了历史
%(title)s.%(ext)s_Vocals_3.5_decho_213.wav,人家也希望是这样
%(title)s.%(ext)s_Vocals_3.5_decho_214.wav,只是现在还不能排除其他可能
%(title)s.%(ext)s_Vocals_3.5_decho_215.wav,岁月的流向变得好奇怪
%(title)s.%(ext)s_Vocals_3.5_decho_216.wav,无论是谁带来的影响
%(title)s.%(ext)s_Vocals_3.5_decho_217.wav,那位凯撒都是有备而来
%(title)s.%(ext)s_Vocals_3.5_decho_218.wav,反倒是我们陷入被动的呢
%(title)s.%(ext)s_Vocals_3.5_decho_219.wav,现在不妨将计就计
%(title)s.%(ext)s_Vocals_3.5_decho_220.wav,先跟着他们回圣城吧
%(title)s.%(ext)s_Vocals_3.5_decho_221.wav,因为你的特殊性
%(title)s.%(ext)s_Vocals_3.5_decho_222.wav,我们成了凯撒的贵宾
%(title)s.%(ext)s_Vocals_3.5_decho_223.wav,这是好事
%(title)s.%(ext)s_Vocals_3.5_decho_224.wav,奥赫玛人肯定会对你尊敬有加
%(title)s.%(ext)s_Vocals_3.5_decho_225.wav,只要好好运用这层身份
%(title)s.%(ext)s_Vocals_3.5_decho_226.wav,再加入一点你的经验和人格魅力
%(title)s.%(ext)s_Vocals_3.5_decho_227.wav,不会比上一次更难对吧
%(title)s.%(ext)s_Vocals_3.5_decho_228.wav,弄清楚这个轮回发生了什么
%(title)s.%(ext)s_Vocals_3.5_decho_229.wav,我们一定能反客为主
%(title)s.%(ext)s_Vocals_3.5_decho_230.wav,取回主导权
%(title)s.%(ext)s_Vocals_3.5_decho_231.wav,原来关键在我吗
%(title)s.%(ext)s_Vocals_3.5_decho_232.wav,既然你都这么说了
%(title)s.%(ext)s_Vocals_3.5_decho_233.wav,那人家必须全力以赴了
%(title)s.%(ext)s_Vocals_3.5_decho_234.wav,救世之旅，始于足下……
%(title)s.%(ext)s_Vocals_3.5_decho_235.wav,我们出发吧，伙伴？
%(title)s.%(ext)s_Vocals_3.5_decho_236.wav,伙伴看人家没说错吧
%(title)s.%(ext)s_Vocals_3.5_decho_237.wav,看，人家没说错吧。这么大的阵仗，都是为了欢迎你呢。
%(title)s.%(ext)s_Vocals_3.5_decho_238.wav,恕我冒昧
%(title)s.%(ext)s_Vocals_3.5_decho_239.wav,恕我冒昧，但各位对我们，还有「天外」…了解到什么程度呢？
%(title)s.%(ext)s_Vocals_3.5_decho_240.wav,果然不会那么顺利……
%(title)s.%(ext)s_Vocals_3.5_decho_241.wav,凯撒治下的奥赫玛…完全走出了战火的阴影呢。
%(title)s.%(ext)s_Vocals_3.5_decho_242.wav,海瑟音小姐…真不愧是骑士统领。
%(title)s.%(ext)s_Vocals_3.5_decho_243.wav,克绿德拉一定是这么想的
%(title)s.%(ext)s_Vocals_3.5_decho_244.wav,但对我们来说就不太方便了
%(title)s.%(ext)s_Vocals_3.5_decho_245.wav,没关系
%(title)s.%(ext)s_Vocals_3.5_decho_246.wav,终于等到自由行动环节了
%(title)s.%(ext)s_Vocals_3.5_decho_247.wav,距离同盟会议还有段时间
%(title)s.%(ext)s_Vocals_3.5_decho_248.wav,我们可要开始行动了
%(title)s.%(ext)s_Vocals_3.5_decho_249.wav,虽然不是你熟知的她们……
%(title)s.%(ext)s_Vocals_3.5_decho_250.wav,但要相信，每一个轮回的英雄们，都始终如一，从未变过呀。
%(title)s.%(ext)s_Vocals_3.5_decho_251.wav,从未变过呀
%(title)s.%(ext)s_Vocals_3.5_decho_252.wav,这位东凌绝好像没那么向着凯撒
%(title)s.%(ext)s_Vocals_3.5_decho_253.wav,又身居高位
%(title)s.%(ext)s_Vocals_3.5_decho_254.wav,旁边的段风绝语言系统也有些特别
%(title)s.%(ext)s_Vocals_3.5_decho_255.wav,…让人家套点话试试看吧。
%(title)s.%(ext)s_Vocals_3.5_decho_256.wav,嗯嗯我是哀丽秘榭的昔涟
%(title)s.%(ext)s_Vocals_3.5_decho_257.wav,这位是天外的救世主
%(title)s.%(ext)s_Vocals_3.5_decho_258.wav,我们初来乍到
%(title)s.%(ext)s_Vocals_3.5_decho_259.wav,人生地不熟
%(title)s.%(ext)s_Vocals_3.5_decho_260.wav,想向您请教一件事
%(title)s.%(ext)s_Vocals_3.5_decho_261.wav,这城中是否还有像他一样来自天外的客人
%(title)s.%(ext)s_Vocals_3.5_decho_262.wav,那是我们的挚友
%(title)s.%(ext)s_Vocals_3.5_decho_263.wav,此行前来对天外了如指掌
%(title)s.%(ext)s_Vocals_3.5_decho_264.wav,难道是啊
%(title)s.%(ext)s_Vocals_3.5_decho_265.wav,唔，他们好像要打起来了…我们快走。
%(title)s.%(ext)s_Vocals_3.5_decho_266.wav,我们快走
%(title)s.%(ext)s_Vocals_3.5_decho_267.wav,我是哀丽秘榭的昔涟
%(title)s.%(ext)s_Vocals_3.5_decho_268.wav,这位是救世主
%(title)s.%(ext)s_Vocals_3.5_decho_269.wav,很高兴认识二位
%(title)s.%(ext)s_Vocals_3.5_decho_270.wav,这是我们第一次踏上凯撒治下的土地
%(title)s.%(ext)s_Vocals_3.5_decho_271.wav,好惊人
%(title)s.%(ext)s_Vocals_3.5_decho_272.wav,奥赫玛比想象中还要宏伟好多
%(title)s.%(ext)s_Vocals_3.5_decho_273.wav,要是没有各位一路关照
%(title)s.%(ext)s_Vocals_3.5_decho_274.wav,我们恐怕早就晕头转向了
%(title)s.%(ext)s_Vocals_3.5_decho_275.wav,那如果这个轮回的元老们
%(title)s.%(ext)s_Vocals_3.5_decho_276.wav,竟然看来先前被处以极刑的祭司不是歌利亚
%(title)s.%(ext)s_Vocals_3.5_decho_277.wav,见证过逐火的未来
%(title)s.%(ext)s_Vocals_3.5_decho_278.wav,这也是神谕的内容吗
%(title)s.%(ext)s_Vocals_3.5_decho_279.wav,这还真是…令人吃惊。
%(title)s.%(ext)s_Vocals_3.5_decho_280.wav,这个轮回的元老们
%(title)s.%(ext)s_Vocals_3.5_decho_281.wav,竟然看来先前被处以极刑的祭司不是歌利亚
%(title)s.%(ext)s_Vocals_3.5_decho_282.wav,同盟会议
%(title)s.%(ext)s_Vocals_3.5_decho_283.wav,同盟会议…感觉有些紧张起来了呢。
%(title)s.%(ext)s_Vocals_3.5_decho_284.wav,既然是克律德拉主持的会议
%(title)s.%(ext)s_Vocals_3.5_decho_285.wav,想必是个了解律法动向和当今时代的好机会
%(title)s.%(ext)s_Vocals_3.5_decho_286.wav,我们可都要竖起耳朵好好听哦
%(title)s.%(ext)s_Vocals_3.5_decho_287.wav,气氛还真是凝重啊……
%(title)s.%(ext)s_Vocals_3.5_decho_288.wav,记得史书上说
%(title)s.%(ext)s_Vocals_3.5_decho_289.wav,凯撒当年是靠着三门火炮瞄准黎明云崖
%(title)s.%(ext)s_Vocals_3.5_decho_290.wav,让所有城邦代表乖乖听话的
%(title)s.%(ext)s_Vocals_3.5_decho_291.wav,不知在这个轮回
%(title)s.%(ext)s_Vocals_3.5_decho_292.wav,历史会不会重演呢
%(title)s.%(ext)s_Vocals_3.5_decho_293.wav,场面变得焦灼起来了呀……
%(title)s.%(ext)s_Vocals_3.5_decho_294.wav,「律法」的火种，果然在她手里……
%(title)s.%(ext)s_Vocals_3.5_decho_295.wav,每天要和这么多人打交道
%(title)s.%(ext)s_Vocals_3.5_decho_296.wav,凯撒大人真是辛苦呀
%(title)s.%(ext)s_Vocals_3.5_decho_297.wav,和泰坦的战争，也算是牺牲的一部分吗？
%(title)s.%(ext)s_Vocals_3.5_decho_298.wav,正是诚如神谕所示
%(title)s.%(ext)s_Vocals_3.5_decho_299.wav,他是来自天外的救世主
%(title)s.%(ext)s_Vocals_3.5_decho_300.wav,不仅如此
%(title)s.%(ext)s_Vocals_3.5_decho_301.wav,他还有可靠的盟友
%(title)s.%(ext)s_Vocals_3.5_decho_302.wav,如果能让他们介入翁法罗斯的律法
%(title)s.%(ext)s_Vocals_3.5_decho_303.wav,就有机会改变未来的命运
%(title)s.%(ext)s_Vocals_3.5_decho_304.wav,扭转这个世界注定的结局
%(title)s.%(ext)s_Vocals_3.5_decho_305.wav,您的意思是……
%(title)s.%(ext)s_Vocals_3.5_decho_306.wav,所以…您答应与我们合作了？
%(title)s.%(ext)s_Vocals_3.5_decho_307.wav,这是那位凯撒
%(title)s.%(ext)s_Vocals_3.5_decho_308.wav,真是咄咄逼人
%(title)s.%(ext)s_Vocals_3.5_decho_309.wav,完全不给我们提问的机会
%(title)s.%(ext)s_Vocals_3.5_decho_310.wav,而且他显然有所隐瞒呢
%(title)s.%(ext)s_Vocals_3.5_decho_311.wav,螺丝，你怎么看。
%(title)s.%(ext)s_Vocals_3.5_decho_312.wav,果然你也是这么想的
%(title)s.%(ext)s_Vocals_3.5_decho_313.wav,奥赫玛的气氛好陌生
%(title)s.%(ext)s_Vocals_3.5_decho_314.wav,不光逐火同盟
%(title)s.%(ext)s_Vocals_3.5_decho_315.wav,全城上下都在议论天外世界
%(title)s.%(ext)s_Vocals_3.5_decho_316.wav,我们也该和天外的朋友讨论下目前的收获了。接下来…嗯？
%(title)s.%(ext)s_Vocals_3.5_decho_317.wav,接下来嗯
%(title)s.%(ext)s_Vocals_3.5_decho_318.wav,接下来就该去享受圣城声名远扬的沐浴文化
%(title)s.%(ext)s_Vocals_3.5_decho_319.wav,好好放松一下啦
%(title)s.%(ext)s_Vocals_3.5_decho_320.wav,这一路上人家最期待的就是这个了
%(title)s.%(ext)s_Vocals_3.5_decho_321.wav,劳逸结合可是很重要的
%(title)s.%(ext)s_Vocals_3.5_decho_322.wav,看大家都是这么想的对吧
%(title)s.%(ext)s_Vocals_3.5_decho_323.wav,真是一刻都不能放下戒备呀
%(title)s.%(ext)s_Vocals_3.5_decho_324.wav,借着泡澡的名义
%(title)s.%(ext)s_Vocals_3.5_decho_325.wav,我们去找个合适的小角落
%(title)s.%(ext)s_Vocals_3.5_decho_326.wav,把目前的进展告诉黑塔和罗斯姑母阁下
%(title)s.%(ext)s_Vocals_3.5_decho_327.wav,顺便还可以在探探城中虚实会议
%(title)s.%(ext)s_Vocals_3.5_decho_328.wav,结果刚传开
%(title)s.%(ext)s_Vocals_3.5_decho_329.wav,人们一定议论纷纷
%(title)s.%(ext)s_Vocals_3.5_decho_330.wav,这就叫一石三鸟，出发吧。
%(title)s.%(ext)s_Vocals_3.5_decho_331.wav,出发吧
%(title)s.%(ext)s_Vocals_3.5_decho_332.wav,哎呀这么多人
%(title)s.%(ext)s_Vocals_3.5_decho_333.wav,不愧是圣城
%(title)s.%(ext)s_Vocals_3.5_decho_334.wav,好热闹呀
%(title)s.%(ext)s_Vocals_3.5_decho_335.wav,气氛有些紧张呢
%(title)s.%(ext)s_Vocals_3.5_decho_336.wav,城里满是流言
%(title)s.%(ext)s_Vocals_3.5_decho_337.wav,您一定很困扰吧
%(title)s.%(ext)s_Vocals_3.5_decho_338.wav,请问，这位「神礼官」是？
%(title)s.%(ext)s_Vocals_3.5_decho_339.wav,人家都没开口试探呢
%(title)s.%(ext)s_Vocals_3.5_decho_340.wav,五大三粗的段风绝还真是什么都瞒不住
%(title)s.%(ext)s_Vocals_3.5_decho_341.wav,神礼官…真是不妙的名字啊……
%(title)s.%(ext)s_Vocals_3.5_decho_342.wav,呀不好
%(title)s.%(ext)s_Vocals_3.5_decho_343.wav,他一直盯着我们看呢
%(title)s.%(ext)s_Vocals_3.5_decho_344.wav,先去别的地方吧
%(title)s.%(ext)s_Vocals_3.5_decho_345.wav,不知克吕德拉对我们隐瞒了多少
%(title)s.%(ext)s_Vocals_3.5_decho_346.wav,最坏的情况
%(title)s.%(ext)s_Vocals_3.5_decho_347.wav,我们要面对的敌人，恐怕不止一位呢。
%(title)s.%(ext)s_Vocals_3.5_decho_348.wav,东凌绝似乎话里有话呀
%(title)s.%(ext)s_Vocals_3.5_decho_349.wav,不过，凯撒居然会对质疑「天外之界」的人下杀手吗？
%(title)s.%(ext)s_Vocals_3.5_decho_350.wav,这一点，也和我们熟悉的奥赫玛截然相反…
%(title)s.%(ext)s_Vocals_3.5_decho_351.wav,诶
%(title)s.%(ext)s_Vocals_3.5_decho_352.wav,这两位是很高兴再见到你们
%(title)s.%(ext)s_Vocals_3.5_decho_353.wav,叶师觉迎风绝两位还真是形影不离呢
%(title)s.%(ext)s_Vocals_3.5_decho_354.wav,总觉得…你是不是为了关注度，悄悄添油加醋了？
%(title)s.%(ext)s_Vocals_3.5_decho_355.wav,「凯撒的刀锋」…是在说海瑟音小姐吧。
%(title)s.%(ext)s_Vocals_3.5_decho_356.wav,夜时觉阁下的话里似乎有些不安的情绪
%(title)s.%(ext)s_Vocals_3.5_decho_357.wav,看来凯撒和海瑟因小姐的关系
%(title)s.%(ext)s_Vocals_3.5_decho_358.wav,要远比其他人密切呀
%(title)s.%(ext)s_Vocals_3.5_decho_359.wav,唉不管哪里都耳目众多
%(title)s.%(ext)s_Vocals_3.5_decho_360.wav,就没有人少一点的地方吗
%(title)s.%(ext)s_Vocals_3.5_decho_361.wav,啊要想深入了解凯撒的秘密
%(title)s.%(ext)s_Vocals_3.5_decho_362.wav,必须得过海瑟依小姐这关呢
%(title)s.%(ext)s_Vocals_3.5_decho_363.wav,这里原本是你的私人浴光
%(title)s.%(ext)s_Vocals_3.5_decho_364.wav,正适合避人耳目
%(title)s.%(ext)s_Vocals_3.5_decho_365.wav,不知现在有没有人使用啊
%(title)s.%(ext)s_Vocals_3.5_decho_366.wav,这味道是等等
%(title)s.%(ext)s_Vocals_3.5_decho_367.wav,先别进去
%(title)s.%(ext)s_Vocals_3.5_decho_368.wav,小、小海兔？
%(title)s.%(ext)s_Vocals_3.5_decho_369.wav,抱歉抱歉
%(title)s.%(ext)s_Vocals_3.5_decho_370.wav,我们不是有意打扰您沐浴
%(title)s.%(ext)s_Vocals_3.5_decho_371.wav,我们这就离开
%(title)s.%(ext)s_Vocals_3.5_decho_372.wav,原来如此
%(title)s.%(ext)s_Vocals_3.5_decho_373.wav,难怪还没进门时
%(title)s.%(ext)s_Vocals_3.5_decho_374.wav,空气中就隐隐有股铁锈的味道
%(title)s.%(ext)s_Vocals_3.5_decho_375.wav,什么……
%(title)s.%(ext)s_Vocals_3.5_decho_376.wav,因为拉东人不愿为主火贡献军力
%(title)s.%(ext)s_Vocals_3.5_decho_377.wav,还是单单因为他们冒犯了凯撒
%(title)s.%(ext)s_Vocals_3.5_decho_378.wav,可是，海瑟音小姐……
%(title)s.%(ext)s_Vocals_3.5_decho_379.wav,我…甚至没法从您的话里听出半点自由的喜悦。
%(title)s.%(ext)s_Vocals_3.5_decho_380.wav,您是想说
%(title)s.%(ext)s_Vocals_3.5_decho_381.wav,您是想说…最极致的自由，对生命而言反而最残忍么？
%(title)s.%(ext)s_Vocals_3.5_decho_382.wav,哎一瞬间就整装待发了
%(title)s.%(ext)s_Vocals_3.5_decho_383.wav,海瑟因小姐真是深不可测
%(title)s.%(ext)s_Vocals_3.5_decho_384.wav,天外世界是这样描述友情的吗
%(title)s.%(ext)s_Vocals_3.5_decho_385.wav,还真是新奇呢
%(title)s.%(ext)s_Vocals_3.5_decho_386.wav,说起来两位刚才提到了宴会
%(title)s.%(ext)s_Vocals_3.5_decho_387.wav,可否烦请展开讲讲呢
%(title)s.%(ext)s_Vocals_3.5_decho_388.wav,阿格莱雅的眼睛……
%(title)s.%(ext)s_Vocals_3.5_decho_389.wav,未来的你…依旧是这世上最棒的织者。
%(title)s.%(ext)s_Vocals_3.5_decho_390.wav,比预言还要准确哦
%(title)s.%(ext)s_Vocals_3.5_decho_391.wav,毕竟他已经亲眼见证过了对吧
%(title)s.%(ext)s_Vocals_3.5_decho_392.wav,海瑟因小姐把玉公让给我们了呢
%(title)s.%(ext)s_Vocals_3.5_decho_393.wav,还真是随性呀
%(title)s.%(ext)s_Vocals_3.5_decho_394.wav,是呀
%(title)s.%(ext)s_Vocals_3.5_decho_395.wav,不过她随时都有可能回来聊
%(title)s.%(ext)s_Vocals_3.5_decho_396.wav,重要的事还得留个心眼才行
%(title)s.%(ext)s_Vocals_3.5_decho_397.wav,所以，抓紧机会，汇报一下目前的进展吧，别让天外的各位久等了……
%(title)s.%(ext)s_Vocals_3.5_decho_398.wav,别让天外的各位久等了
%(title)s.%(ext)s_Vocals_3.5_decho_399.wav,黑塔阁下…真是风风火火呢。
%(title)s.%(ext)s_Vocals_3.5_decho_400.wav,那接下来我们就以阿格莱雅提到的宴会
%(title)s.%(ext)s_Vocals_3.5_decho_401.wav,为突破口吧
%(title)s.%(ext)s_Vocals_3.5_decho_402.wav,那时刻律德菈的亲信应该都会在场
%(title)s.%(ext)s_Vocals_3.5_decho_403.wav,也是一个和他们拉近距离的好机会
%(title)s.%(ext)s_Vocals_3.5_decho_404.wav,那就这么定
%(title)s.%(ext)s_Vocals_3.5_decho_405.wav,凭我们的默契
%(title)s.%(ext)s_Vocals_3.5_decho_406.wav,无论发生什么都能顺利解决的
%(title)s.%(ext)s_Vocals_3.5_decho_407.wav,哎今天还真是漫长啊
%(title)s.%(ext)s_Vocals_3.5_decho_408.wav,差不多也到休息的时候了
%(title)s.%(ext)s_Vocals_3.5_decho_409.wav,嗯！好好为宴会做准备吧♪
%(title)s.%(ext)s_Vocals_3.5_decho_410.wav,开拓者，看！前面就是会场了。
%(title)s.%(ext)s_Vocals_3.5_decho_411.wav,唉还有歌声呢
%(title)s.%(ext)s_Vocals_3.5_decho_412.wav,气氛真浪漫啊
%(title)s.%(ext)s_Vocals_3.5_decho_413.wav,每次这位英雄一登场
%(title)s.%(ext)s_Vocals_3.5_decho_414.wav,气氛就会瞬间冷下来呢
%(title)s.%(ext)s_Vocals_3.5_decho_415.wav,宴会不能自带酒水
%(title)s.%(ext)s_Vocals_3.5_decho_416.wav,可以理解
%(title)s.%(ext)s_Vocals_3.5_decho_417.wav,书本和羽毛笔也要没收吗
%(title)s.%(ext)s_Vocals_3.5_decho_418.wav,专人妥善
%(title)s.%(ext)s_Vocals_3.5_decho_419.wav,竟是些微妙的词呢
%(title)s.%(ext)s_Vocals_3.5_decho_420.wav,看来对方是冲着时刻忙来的呀
%(title)s.%(ext)s_Vocals_3.5_decho_421.wav,要怎么做
%(title)s.%(ext)s_Vocals_3.5_decho_422.wav,我的直觉吗
%(title)s.%(ext)s_Vocals_3.5_decho_423.wav,这里不妨将计就计
%(title)s.%(ext)s_Vocals_3.5_decho_424.wav,把十颗矛交给他保管吧
%(title)s.%(ext)s_Vocals_3.5_decho_425.wav,毕竟小凯撒对你那么关注
%(title)s.%(ext)s_Vocals_3.5_decho_426.wav,我们和天才的悄悄话多半已经传进他的耳朵了
%(title)s.%(ext)s_Vocals_3.5_decho_427.wav,人家都能猜到接下来的发展
%(title)s.%(ext)s_Vocals_3.5_decho_428.wav,但这反而会成为我们的「捷径」，对吧？
%(title)s.%(ext)s_Vocals_3.5_decho_429.wav,对吧
%(title)s.%(ext)s_Vocals_3.5_decho_430.wav,好啦好啦
%(title)s.%(ext)s_Vocals_3.5_decho_431.wav,会配合你的
%(title)s.%(ext)s_Vocals_3.5_decho_432.wav,给
%(title)s.%(ext)s_Vocals_3.5_decho_433.wav,请替我们转告凯撒
%(title)s.%(ext)s_Vocals_3.5_decho_434.wav,无论何时何地
%(title)s.%(ext)s_Vocals_3.5_decho_435.wav,他都可以信任我的伙伴
%(title)s.%(ext)s_Vocals_3.5_decho_436.wav,明明是宴会的主角，刻律德菈却不在吗？
%(title)s.%(ext)s_Vocals_3.5_decho_437.wav,唉想和他说上几句话
%(title)s.%(ext)s_Vocals_3.5_decho_438.wav,真是困难重重呀
%(title)s.%(ext)s_Vocals_3.5_decho_439.wav,谢谢你的好意
%(title)s.%(ext)s_Vocals_3.5_decho_440.wav,谢谢你的好意。不过…我们更想知道，凯撒什么时候回来？
%(title)s.%(ext)s_Vocals_3.5_decho_441.wav,不过到处都是人群
%(title)s.%(ext)s_Vocals_3.5_decho_442.wav,即便凯撒来了
%(title)s.%(ext)s_Vocals_3.5_decho_443.wav,我们也找不着他
%(title)s.%(ext)s_Vocals_3.5_decho_444.wav,…有了，留意下附近有没有被垫高的座位吧。
%(title)s.%(ext)s_Vocals_3.5_decho_445.wav,…啊，没有。只是想问问，二位见过凯撒吗？
%(title)s.%(ext)s_Vocals_3.5_decho_446.wav,这样啊……
%(title)s.%(ext)s_Vocals_3.5_decho_447.wav,这不太好吧
%(title)s.%(ext)s_Vocals_3.5_decho_448.wav,这…不太好吧？况且我们也不认识将来的她呀。
%(title)s.%(ext)s_Vocals_3.5_decho_449.wav,可如果就这么回答
%(title)s.%(ext)s_Vocals_3.5_decho_450.wav,他恐怕会更失落
%(title)s.%(ext)s_Vocals_3.5_decho_451.wav,好，我明白啦。
%(title)s.%(ext)s_Vocals_3.5_decho_452.wav,虽然不能透露太多
%(title)s.%(ext)s_Vocals_3.5_decho_453.wav,虽然不能透露太多，但人家觉得，不妨就以「未来」开篇吧？
%(title)s.%(ext)s_Vocals_3.5_decho_454.wav,嗯比如我心怀憧憬
%(title)s.%(ext)s_Vocals_3.5_decho_455.wav,为自己写下明天的预言
%(title)s.%(ext)s_Vocals_3.5_decho_456.wav,静静守候
%(title)s.%(ext)s_Vocals_3.5_decho_457.wav,直到明天又一个明天之后
%(title)s.%(ext)s_Vocals_3.5_decho_458.wav,他兑现如约而至的诺言
%(title)s.%(ext)s_Vocals_3.5_decho_459.wav,类似这样不是即兴发挥啊
%(title)s.%(ext)s_Vocals_3.5_decho_460.wav,不是即兴发挥哦？人家背过的，就等着在你面前显摆一下，嘻！
%(title)s.%(ext)s_Vocals_3.5_decho_461.wav,嘿对了
%(title)s.%(ext)s_Vocals_3.5_decho_462.wav,作为交换
%(title)s.%(ext)s_Vocals_3.5_decho_463.wav,不不会不会我们很享受
%(title)s.%(ext)s_Vocals_3.5_decho_464.wav,只是见凯撒迟迟未到
%(title)s.%(ext)s_Vocals_3.5_decho_465.wav,心里难免有些惴惴不安
%(title)s.%(ext)s_Vocals_3.5_decho_466.wav,这算自带酒水了吧
%(title)s.%(ext)s_Vocals_3.5_decho_467.wav,果然安检就是针对我们的
%(title)s.%(ext)s_Vocals_3.5_decho_468.wav,有些…受宠若惊呢。
%(title)s.%(ext)s_Vocals_3.5_decho_469.wav,总觉得海瑟音小姐想和我们谈些什么…先配合她吧？
%(title)s.%(ext)s_Vocals_3.5_decho_470.wav,先配合她吧
%(title)s.%(ext)s_Vocals_3.5_decho_471.wav,人、人家还是自己来吧……
%(title)s.%(ext)s_Vocals_3.5_decho_472.wav,这是…凯撒的授意？
%(title)s.%(ext)s_Vocals_3.5_decho_473.wav,可这么做…不是自作主张吗？
%(title)s.%(ext)s_Vocals_3.5_decho_474.wav,啊
%(title)s.%(ext)s_Vocals_3.5_decho_475.wav,海瑟音小姐，能答应我一个请求吗？
%(title)s.%(ext)s_Vocals_3.5_decho_476.wav,我的伙伴此行前来
%(title)s.%(ext)s_Vocals_3.5_decho_477.wav,正是为了阻止那个坏人的阴谋
%(title)s.%(ext)s_Vocals_3.5_decho_478.wav,我们的立场是一致的
%(title)s.%(ext)s_Vocals_3.5_decho_479.wav,但凯撒要做的选择
%(title)s.%(ext)s_Vocals_3.5_decho_480.wav,他从无界越之意
%(title)s.%(ext)s_Vocals_3.5_decho_481.wav,我们只想把知道的一切坦诚相告
%(title)s.%(ext)s_Vocals_3.5_decho_482.wav,毫无保留
%(title)s.%(ext)s_Vocals_3.5_decho_483.wav,我相信，凯撒自会明辨是非。
%(title)s.%(ext)s_Vocals_3.5_decho_484.wav,是…紧张刺激的卧底环节…！
%(title)s.%(ext)s_Vocals_3.5_decho_485.wav,会被发现的啦
%(title)s.%(ext)s_Vocals_3.5_decho_486.wav,这里！混进人群中去吧？
%(title)s.%(ext)s_Vocals_3.5_decho_487.wav,啊放松放松
%(title)s.%(ext)s_Vocals_3.5_decho_488.wav,表现的自然些
%(title)s.%(ext)s_Vocals_3.5_decho_489.wav,瞧这走向不太妙呀
%(title)s.%(ext)s_Vocals_3.5_decho_490.wav,瞧这走向，不太妙呀。咱们这位小凯撒，好像对「毁灭」充满了兴趣……
%(title)s.%(ext)s_Vocals_3.5_decho_491.wav,他往这边看了
%(title)s.%(ext)s_Vocals_3.5_decho_492.wav,快随便做点什么
%(title)s.%(ext)s_Vocals_3.5_decho_493.wav,假装看不见他们
%(title)s.%(ext)s_Vocals_3.5_decho_494.wav,等你做什么呢
%(title)s.%(ext)s_Vocals_3.5_decho_495.wav,被这么热烈的盯着
%(title)s.%(ext)s_Vocals_3.5_decho_496.wav,人家真的会害羞的
%(title)s.%(ext)s_Vocals_3.5_decho_497.wav,这是…什么意思？
%(title)s.%(ext)s_Vocals_3.5_decho_498.wav,不伙伴
%(title)s.%(ext)s_Vocals_3.5_decho_499.wav,相信我结晶已经连通了
%(title)s.%(ext)s_Vocals_3.5_decho_500.wav,现在运用你的身份再加入一点点经验和魅力
%(title)s.%(ext)s_Vocals_3.5_decho_501.wav,向凯撒证明吧
%(title)s.%(ext)s_Vocals_3.5_decho_502.wav,就像我们承诺的那样
%(title)s.%(ext)s_Vocals_3.5_decho_503.wav,对
%(title)s.%(ext)s_Vocals_3.5_decho_504.wav,恐怕小凯撒从未信任任何人
%(title)s.%(ext)s_Vocals_3.5_decho_505.wav,自始至终他只想看看究竟哪边能献上更多诚意
%(title)s.%(ext)s_Vocals_3.5_decho_506.wav,好啦好啦
%(title)s.%(ext)s_Vocals_3.5_decho_507.wav,会配合你的给
%(title)s.%(ext)s_Vocals_3.5_decho_508.wav,请替我们转告凯撒
%(title)s.%(ext)s_Vocals_3.5_decho_509.wav,无论何时何地
%(title)s.%(ext)s_Vocals_3.5_decho_510.wav,他都可以信任我的伙伴
%(title)s.%(ext)s_Vocals_3.5_decho_511.wav,但凯撒要做的选择
%(title)s.%(ext)s_Vocals_3.5_decho_512.wav,他从无间越之意
%(title)s.%(ext)s_Vocals_3.5_decho_513.wav,我们只想把知道的一切坦诚相告
%(title)s.%(ext)s_Vocals_3.5_decho_514.wav,毫无保留
%(title)s.%(ext)s_Vocals_3.5_decho_515.wav,现在运用你的身份
%(title)s.%(ext)s_Vocals_3.5_decho_516.wav,再加入一点点经验和魅力
%(title)s.%(ext)s_Vocals_3.5_decho_517.wav,向凯撒证明吧
%(title)s.%(ext)s_Vocals_3.5_decho_518.wav,就像我们承诺的那样
%(title)s.%(ext)s_Vocals_3.5_decho_519.wav,是我们赢了
%(title)s.%(ext)s_Vocals_3.5_decho_520.wav,是我们赢了，「真诚」才是永远的捷径。
%(title)s.%(ext)s_Vocals_3.5_decho_521.wav,小新什么
%(title)s.%(ext)s_Vocals_3.5_decho_522.wav,这声音是欧洛尼斯
%(title)s.%(ext)s_Vocals_3.5_decho_523.wav,我设想过好多重逢的话语
%(title)s.%(ext)s_Vocals_3.5_decho_524.wav,可话到口边却只留下了这一句
%(title)s.%(ext)s_Vocals_3.5_decho_525.wav,欢迎回来
%(title)s.%(ext)s_Vocals_3.5_decho_526.wav,真是度过了好长、好长的时光呀。
%(title)s.%(ext)s_Vocals_3.5_decho_527.wav,现在一定很困扰吧
%(title)s.%(ext)s_Vocals_3.5_decho_528.wav,你不在的这段时间
%(title)s.%(ext)s_Vocals_3.5_decho_529.wav,翁法罗斯发生了好多事
%(title)s.%(ext)s_Vocals_3.5_decho_530.wav,别担心
%(title)s.%(ext)s_Vocals_3.5_decho_531.wav,救世主可不能带着迷茫对吧
%(title)s.%(ext)s_Vocals_3.5_decho_532.wav,现在请跟着我翻开岁月的长卷
%(title)s.%(ext)s_Vocals_3.5_decho_533.wav,看看大家为你留下的话语
%(title)s.%(ext)s_Vocals_3.5_decho_534.wav,我会把这1000年的故事都讲给你听
%(title)s.%(ext)s_Vocals_3.5_decho_535.wav,这样一来他们就不再是我一个人的回忆哈
%(title)s.%(ext)s_Vocals_3.5_decho_536.wav,看，往日的风景…浮现了。
%(title)s.%(ext)s_Vocals_3.5_decho_537.wav,光历3960年
%(title)s.%(ext)s_Vocals_3.5_decho_538.wav,克吕德拉以出征法吉娜为由
%(title)s.%(ext)s_Vocals_3.5_decho_539.wav,献祭500名黄金一的性命
%(title)s.%(ext)s_Vocals_3.5_decho_540.wav,完成律法试炼
%(title)s.%(ext)s_Vocals_3.5_decho_541.wav,这一惨剧震动了整个翁法罗斯
%(title)s.%(ext)s_Vocals_3.5_decho_542.wav,同年凯撒克略德拉遇刺身亡
%(title)s.%(ext)s_Vocals_3.5_decho_543.wav,今之阿格莱雅接过统领职责
%(title)s.%(ext)s_Vocals_3.5_decho_544.wav,人类的第二次逐火之旅
%(title)s.%(ext)s_Vocals_3.5_decho_545.wav,在摇摇欲坠中开启
%(title)s.%(ext)s_Vocals_3.5_decho_546.wav,来这边50年后来骨师再次率军进攻奥赫玛
%(title)s.%(ext)s_Vocals_3.5_decho_547.wav,他单刀直入圣城
%(title)s.%(ext)s_Vocals_3.5_decho_548.wav,摧毁云石天宫
%(title)s.%(ext)s_Vocals_3.5_decho_549.wav,世人称之为第三次奥赫满围城战
%(title)s.%(ext)s_Vocals_3.5_decho_550.wav,这场战役中共有9万青壮为奥赫玛英勇就义
%(title)s.%(ext)s_Vocals_3.5_decho_551.wav,其中也包括他们无畏的领袖阿格莱雅
%(title)s.%(ext)s_Vocals_3.5_decho_552.wav,在提里希庇俄斯
%(title)s.%(ext)s_Vocals_3.5_decho_553.wav,赛法利亚两位半神庇护下
%(title)s.%(ext)s_Vocals_3.5_decho_554.wav,奥赫玛挺过连番施压
%(title)s.%(ext)s_Vocals_3.5_decho_555.wav,但也逐渐难以为继
%(title)s.%(ext)s_Vocals_3.5_decho_556.wav,霞蝶决定将斯提克西亚作为最后手段
%(title)s.%(ext)s_Vocals_3.5_decho_557.wav,遂完成死亡试炼
%(title)s.%(ext)s_Vocals_3.5_decho_558.wav,令瘀滞的冥河尽数褪去
%(title)s.%(ext)s_Vocals_3.5_decho_559.wav,随后提里希庇俄斯踏上远行
%(title)s.%(ext)s_Vocals_3.5_decho_560.wav,同年旋风王欧利庞携王子迈德漠斯加入同盟
%(title)s.%(ext)s_Vocals_3.5_decho_561.wav,投身救世之战
%(title)s.%(ext)s_Vocals_3.5_decho_562.wav,为圣城保驾护航
%(title)s.%(ext)s_Vocals_3.5_decho_563.wav,半神将自己的灵魂分为荣耀
%(title)s.%(ext)s_Vocals_3.5_decho_564.wav,勇气坚韧牺牲理性
%(title)s.%(ext)s_Vocals_3.5_decho_565.wav,五分风入血境
%(title)s.%(ext)s_Vocals_3.5_decho_566.wav,投身战场
%(title)s.%(ext)s_Vocals_3.5_decho_567.wav,世人为神王的陨落举行了为期10日的盛大葬礼
%(title)s.%(ext)s_Vocals_3.5_decho_568.wav,而他用牺牲为人类换来了200年和平的时光
%(title)s.%(ext)s_Vocals_3.5_decho_569.wav,那是世人所知的最后一战
%(title)s.%(ext)s_Vocals_3.5_decho_570.wav,由两名不善争斗的半神发起
%(title)s.%(ext)s_Vocals_3.5_decho_571.wav,而后理性和诡计兑现了承诺
%(title)s.%(ext)s_Vocals_3.5_decho_572.wav,他们以生命为代价
%(title)s.%(ext)s_Vocals_3.5_decho_573.wav,将来股市封印于创世窝心
%(title)s.%(ext)s_Vocals_3.5_decho_574.wav,直至今日
%(title)s.%(ext)s_Vocals_3.5_decho_575.wav,我会把这1000年的故事都讲给你听
%(title)s.%(ext)s_Vocals_3.5_decho_576.wav,这样一来
%(title)s.%(ext)s_Vocals_3.5_decho_577.wav,他们就不再是我一个人的回忆
%(title)s.%(ext)s_Vocals_3.5_decho_578.wav,同样的
%(title)s.%(ext)s_Vocals_3.5_decho_579.wav,我会把和你一同经历的时光讲给每个人听
%(title)s.%(ext)s_Vocals_3.5_decho_580.wav,这样一来
%(title)s.%(ext)s_Vocals_3.5_decho_581.wav,我们走过的路就会成为所有人的记忆
%(title)s.%(ext)s_Vocals_3.5_decho_582.wav,人们会知道不必再去追逐什么
%(title)s.%(ext)s_Vocals_3.5_decho_583.wav,翁法罗斯早已迎来神域中的黎明
%(title)s.%(ext)s_Vocals_3.5_decho_584.wav,就像人家说的一样
%(title)s.%(ext)s_Vocals_3.5_decho_585.wav,不会比上一次更难对吧
%(title)s.%(ext)s_Vocals_3.5_decho_586.wav,此时此刻你会露出怎样的表情呢
%(title)s.%(ext)s_Vocals_3.5_decho_587.wav,肯定和以前一样从容坚定
%(title)s.%(ext)s_Vocals_3.5_decho_588.wav,充满自信吧
%(title)s.%(ext)s_Vocals_3.5_decho_589.wav,如果有机会
%(title)s.%(ext)s_Vocals_3.5_decho_590.wav,如果有机会，人家也想再看一次呢。
%(title)s.%(ext)s_Vocals_3.5_decho_591.wav,因为距离我们分别，真的…过去太久啦。
%(title)s.%(ext)s_Vocals_3.5_decho_592.wav,聪明如你走到这里一定发现了吧
%(title)s.%(ext)s_Vocals_3.5_decho_593.wav,这里不是现实
%(title)s.%(ext)s_Vocals_3.5_decho_594.wav,而是一道岁月的迷宫
%(title)s.%(ext)s_Vocals_3.5_decho_595.wav,接力的最后一环
%(title)s.%(ext)s_Vocals_3.5_decho_596.wav,由我回到命运三相殿
%(title)s.%(ext)s_Vocals_3.5_decho_597.wav,为欧洛尼斯讲述这些故事
%(title)s.%(ext)s_Vocals_3.5_decho_598.wav,把大家写下的每一页都装进记忆的小瓶子里
%(title)s.%(ext)s_Vocals_3.5_decho_599.wav,然后愿他能安然起航
%(title)s.%(ext)s_Vocals_3.5_decho_600.wav,与赋世的火种一同飘过时间的长河
%(title)s.%(ext)s_Vocals_3.5_decho_601.wav,飘到你身边
%(title)s.%(ext)s_Vocals_3.5_decho_602.wav,成为你回到汪法罗斯的指引
%(title)s.%(ext)s_Vocals_3.5_decho_603.wav,就像我们的初遇，对不对？
%(title)s.%(ext)s_Vocals_3.5_decho_604.wav,对不对
%(title)s.%(ext)s_Vocals_3.5_decho_605.wav,虽然这一世功法罗斯没有岁月的半神
%(title)s.%(ext)s_Vocals_3.5_decho_606.wav,但岁月始终站在人类这边
%(title)s.%(ext)s_Vocals_3.5_decho_607.wav,只有通过这种方式
%(title)s.%(ext)s_Vocals_3.5_decho_608.wav,我们才能确保在你归来前再创世
%(title)s.%(ext)s_Vocals_3.5_decho_609.wav,一定不会发生
%(title)s.%(ext)s_Vocals_3.5_decho_610.wav,也只有这样
%(title)s.%(ext)s_Vocals_3.5_decho_611.wav,人家才能把最后一次逐火之旅
%(title)s.%(ext)s_Vocals_3.5_decho_612.wav,完完整整地放进救世主心里
%(title)s.%(ext)s_Vocals_3.5_decho_613.wav,毕竟新世界会从你的记忆中诞生
%(title)s.%(ext)s_Vocals_3.5_decho_614.wav,故事的主角可千万不能缺席呀
%(title)s.%(ext)s_Vocals_3.5_decho_615.wav,我相信你一定不会让人失望
%(title)s.%(ext)s_Vocals_3.5_decho_616.wav,一如既往还记得吗
%(title)s.%(ext)s_Vocals_3.5_decho_617.wav,白垩将我们送回起点的时候
%(title)s.%(ext)s_Vocals_3.5_decho_618.wav,我和您也经历过离别
%(title)s.%(ext)s_Vocals_3.5_decho_619.wav,但最后人家还是带着全部的过往和你重逢了
%(title)s.%(ext)s_Vocals_3.5_decho_620.wav,记忆就是这样的
%(title)s.%(ext)s_Vocals_3.5_decho_621.wav,在时间的长河里
%(title)s.%(ext)s_Vocals_3.5_decho_622.wav,它可能会磨损会消散
%(title)s.%(ext)s_Vocals_3.5_decho_623.wav,但他不会离开
%(title)s.%(ext)s_Vocals_3.5_decho_624.wav,当内心的小角落被唤醒
%(title)s.%(ext)s_Vocals_3.5_decho_625.wav,回忆一定会以更美的形式再度浮现
%(title)s.%(ext)s_Vocals_3.5_decho_626.wav,所以不要担心
%(title)s.%(ext)s_Vocals_3.5_decho_627.wav,让第3350
%(title)s.%(ext)s_Vocals_3.5_decho_628.wav,5万337次逐火之旅
%(title)s.%(ext)s_Vocals_3.5_decho_629.wav,也成为你的一部分吧
%(title)s.%(ext)s_Vocals_3.5_decho_630.wav,有了上一次的经验
%(title)s.%(ext)s_Vocals_3.5_decho_631.wav,人家也熟练许多了
%(title)s.%(ext)s_Vocals_3.5_decho_632.wav,接下来就要前往斯迪克西亚
%(title)s.%(ext)s_Vocals_3.5_decho_633.wav,找到有海洋半神守卫的窝心入口
%(title)s.%(ext)s_Vocals_3.5_decho_634.wav,然后奔向决战的舞台啦
%(title)s.%(ext)s_Vocals_3.5_decho_635.wav,别担心人家会与你同在
%(title)s.%(ext)s_Vocals_3.5_decho_636.wav,别担心，人家会与你同在。我们所有人，连同白厄一起…都会和「救世主」同在。
%(title)s.%(ext)s_Vocals_3.5_decho_637.wav,做个短暂的道别
%(title)s.%(ext)s_Vocals_3.5_decho_638.wav,然后就出发吧
%(title)s.%(ext)s_Vocals_3.5_decho_639.wav,像我们启程时约定的那样
%(title)s.%(ext)s_Vocals_3.5_decho_640.wav,扔下多余的烦恼
%(title)s.%(ext)s_Vocals_3.5_decho_641.wav,扔下多余的烦恼，把笑容和决心一起打包，带向明天♪
%(title)s.%(ext)s_Vocals_3.5_decho_642.wav,多久都没有关系啊
%(title)s.%(ext)s_Vocals_3.5_decho_643.wav,毕竟等待是人家最擅长的事情吗
%(title)s.%(ext)s_Vocals_3.5_decho_644.wav,历经3000万世
%(title)s.%(ext)s_Vocals_3.5_decho_645.wav,它才降临在我们身边
%(title)s.%(ext)s_Vocals_3.5_decho_646.wav,那再多等片刻又有何妨呢
%(title)s.%(ext)s_Vocals_3.5_decho_647.wav,不会的。
%(title)s.%(ext)s_Vocals_3.5_decho_648.wav,因为我知道。
%(title)s.%(ext)s_Vocals_3.5_decho_649.wav,无论过去多久……
%(title)s.%(ext)s_Vocals_3.5_decho_650.wav,他一定会回到这里
%(title)s.%(ext)s_Vocals_3.5_decho_651.wav,我们，可千万不能让她失望呀。
%(title)s.%(ext)s_Vocals_3.5_decho_652.wav,会铭记「开拓」的旅途。
%(title)s.%(ext)s_Vocals_3.5_decho_653.wav,这么冷冰冰的说法
%(title)s.%(ext)s_Vocals_3.5_decho_654.wav,人家可不喜欢啊
%(title)s.%(ext)s_Vocals_3.5_decho_655.wav,如果一串数字能决定故事的结局……
%(title)s.%(ext)s_Vocals_3.5_decho_656.wav,那我们自然也能重新写下开始
%(title)s.%(ext)s_Vocals_3.5_decho_657.wav,关键在于「记忆」，对么？
%(title)s.%(ext)s_Vocals_3.5_decho_658.wav,都提到了伙伴和我很容易联想到吧
%(title)s.%(ext)s_Vocals_3.5_decho_659.wav,人家的直觉一向很准
%(title)s.%(ext)s_Vocals_3.5_decho_660.wav,如此一来
%(title)s.%(ext)s_Vocals_3.5_decho_661.wav,我们就能以另一种形式
%(title)s.%(ext)s_Vocals_3.5_decho_662.wav,让他陷入和英雄们同样的轮回
%(title)s.%(ext)s_Vocals_3.5_decho_663.wav,在没有尽头的循环里感受孤独和痛苦
%(title)s.%(ext)s_Vocals_3.5_decho_664.wav,能和天才们心有灵犀
%(title)s.%(ext)s_Vocals_3.5_decho_665.wav,真是莫大的荣幸呢
%(title)s.%(ext)s_Vocals_3.5_decho_666.wav,用天外的话说
%(title)s.%(ext)s_Vocals_3.5_decho_667.wav,我似乎是被称作异灵的存在
%(title)s.%(ext)s_Vocals_3.5_decho_668.wav,刚刚好
%(title)s.%(ext)s_Vocals_3.5_decho_669.wav,这样人家就能担当记忆的载体
%(title)s.%(ext)s_Vocals_3.5_decho_670.wav,为决战也出一份力了
%(title)s.%(ext)s_Vocals_3.5_decho_671.wav,但这一切早就发生了，不是吗？
%(title)s.%(ext)s_Vocals_3.5_decho_672.wav,不是吗
%(title)s.%(ext)s_Vocals_3.5_decho_673.wav,难怪我总有种预感
%(title)s.%(ext)s_Vocals_3.5_decho_674.wav,难怪我总有种预感。这样一来，也算应验了人家一直以来的观点……
%(title)s.%(ext)s_Vocals_3.5_decho_675.wav,只要和伙伴一起
%(title)s.%(ext)s_Vocals_3.5_decho_676.wav,我们就什么都做得到
%(title)s.%(ext)s_Vocals_3.5_decho_677.wav,好久不见，开拓者。分开的这段时间，有没有想念人家？
%(title)s.%(ext)s_Vocals_3.5_decho_678.wav,人家也是啊
%(title)s.%(ext)s_Vocals_3.5_decho_679.wav,这1000年一直在等待你
%(title)s.%(ext)s_Vocals_3.5_decho_680.wav,就像翁法罗斯的每一个人
%(title)s.%(ext)s_Vocals_3.5_decho_681.wav,都在等待救世主的归来
%(title)s.%(ext)s_Vocals_3.5_decho_682.wav,天才们的计划
%(title)s.%(ext)s_Vocals_3.5_decho_683.wav,你应该从记忆中得知了
%(title)s.%(ext)s_Vocals_3.5_decho_684.wav,为了不被来谷氏察觉
%(title)s.%(ext)s_Vocals_3.5_decho_685.wav,我必须小心翼翼地躲在岁月的角落
%(title)s.%(ext)s_Vocals_3.5_decho_686.wav,等待机会来临
%(title)s.%(ext)s_Vocals_3.5_decho_687.wav,也就是现在他在世界内部的化身被破坏
%(title)s.%(ext)s_Vocals_3.5_decho_688.wav,两条时间线产生交集的这一瞬间
%(title)s.%(ext)s_Vocals_3.5_decho_689.wav,一直瞒着你
%(title)s.%(ext)s_Vocals_3.5_decho_690.wav,对不起啊
%(title)s.%(ext)s_Vocals_3.5_decho_691.wav,作为道歉
%(title)s.%(ext)s_Vocals_3.5_decho_692.wav,等到尘埃落定
%(title)s.%(ext)s_Vocals_3.5_decho_693.wav,我会把这1000年的故事原原本本地讲给你听
%(title)s.%(ext)s_Vocals_3.5_decho_694.wav,而现在就让我们携手
%(title)s.%(ext)s_Vocals_3.5_decho_695.wav,以记忆的力量完成最后一步吧
%(title)s.%(ext)s_Vocals_3.5_decho_696.wav,当然对了
%(title)s.%(ext)s_Vocals_3.5_decho_697.wav,说到携手
%(title)s.%(ext)s_Vocals_3.5_decho_698.wav,在走上舞台前
%(title)s.%(ext)s_Vocals_3.5_decho_699.wav,在走上舞台前，请允许我再小小任性一次吧♪
%(title)s.%(ext)s_Vocals_3.5_decho_700.wav,开拓者，还记得我们在树庭开过的玩笑吗？
%(title)s.%(ext)s_Vocals_3.5_decho_701.wav,现在，人家的手是不是很漂亮呢？
%(title)s.%(ext)s_Vocals_3.5_decho_702.wav,真是奇妙的感觉
%(title)s.%(ext)s_Vocals_3.5_decho_703.wav,真是奇妙的感觉…一时间，仿佛有无数回忆一起涌上心头。
%(title)s.%(ext)s_Vocals_3.5_decho_704.wav,你呢当我们彼此触碰
%(title)s.%(ext)s_Vocals_3.5_decho_705.wav,你又感受到了什么是吗
%(title)s.%(ext)s_Vocals_3.5_decho_706.wav,那我会很开心
%(title)s.%(ext)s_Vocals_3.5_decho_707.wav,如果一缕记忆能带给人触动
%(title)s.%(ext)s_Vocals_3.5_decho_708.wav,那代表它一定是幸福的对吧
%(title)s.%(ext)s_Vocals_3.5_decho_709.wav,那就请您记下此刻的感受
%(title)s.%(ext)s_Vocals_3.5_decho_710.wav,把它写在名为新的书页中保存起来吧
%(title)s.%(ext)s_Vocals_3.5_decho_711.wav,想要珍藏的记忆一定不会轻易逝去
%(title)s.%(ext)s_Vocals_3.5_decho_712.wav,即使被时光的长河磨洗
%(title)s.%(ext)s_Vocals_3.5_decho_713.wav,也会留下存在的痕迹
%(title)s.%(ext)s_Vocals_3.5_decho_714.wav,所以，如果记忆中的风景模糊了，就伸手去触碰它。
%(title)s.%(ext)s_Vocals_3.5_decho_715.wav,就伸手去触碰它
%(title)s.%(ext)s_Vocals_3.5_decho_716.wav,就像每一个共读睡前故事的夜晚
%(title)s.%(ext)s_Vocals_3.5_decho_717.wav,抹去岁月的霜
%(title)s.%(ext)s_Vocals_3.5_decho_718.wav,擦亮回忆的轮廓
%(title)s.%(ext)s_Vocals_3.5_decho_719.wav,让他重新成为心灵的力量
%(title)s.%(ext)s_Vocals_3.5_decho_720.wav,接下来人家就要带上这份力量
%(title)s.%(ext)s_Vocals_3.5_decho_721.wav,短暂离开你的身边
%(title)s.%(ext)s_Vocals_3.5_decho_722.wav,走进漫长的循环了
%(title)s.%(ext)s_Vocals_3.5_decho_723.wav,祝福我吧伙伴
%(title)s.%(ext)s_Vocals_3.5_decho_724.wav,让那崭新的未来，如「我们」所书♪
%(title)s.%(ext)s_Vocals_3.5_decho_725.wav,那…交给你啦？
%(title)s.%(ext)s_Vocals_3.5_decho_726.wav,任何剧目都是如此……
%(title)s.%(ext)s_Vocals_3.5_decho_727.wav,一旦登上台前就难以退回观众
%(title)s.%(ext)s_Vocals_3.5_decho_728.wav,欢迎来到「我们」的故事……
%(title)s.%(ext)s_Vocals_3.5_decho_729.wav,感觉如何？
%(title)s.%(ext)s_Vocals_3.5_decho_730.wav,一下子就看穿了
%(title)s.%(ext)s_Vocals_3.5_decho_731.wav,一下子就看穿了！不愧是大家口中的「第一位天才」呢。
%(title)s.%(ext)s_Vocals_3.5_decho_732.wav,如果你再肆意妄为
%(title)s.%(ext)s_Vocals_3.5_decho_733.wav,刚才那一幕还会不断上演
%(title)s.%(ext)s_Vocals_3.5_decho_734.wav,无论如何
%(title)s.%(ext)s_Vocals_3.5_decho_735.wav,我和伙伴都不会让你离开这段记忆
%(title)s.%(ext)s_Vocals_3.5_decho_736.wav,赞达尔阁下
%(title)s.%(ext)s_Vocals_3.5_decho_737.wav,你已经身陷淋雨了
%(title)s.%(ext)s_Vocals_3.5_decho_738.wav,嗯这次又是粉色小虫吗
%(title)s.%(ext)s_Vocals_3.5_decho_739.wav,人家的形象也太多变了
%(title)s.%(ext)s_Vocals_3.5_decho_740.wav,但你说得没错
%(title)s.%(ext)s_Vocals_3.5_decho_741.wav,如果只是打造另一座牢笼
%(title)s.%(ext)s_Vocals_3.5_decho_742.wav,问题的本质并不会被解决
%(title)s.%(ext)s_Vocals_3.5_decho_743.wav,所以，我们原本也没打算这么做哦？
%(title)s.%(ext)s_Vocals_3.5_decho_744.wav,只是听故事而已
%(title)s.%(ext)s_Vocals_3.5_decho_745.wav,人家最擅长这个了
%(title)s.%(ext)s_Vocals_3.5_decho_746.wav,那激动人心的智世交锋
%(title)s.%(ext)s_Vocals_3.5_decho_747.wav,就拜托两位天才了
%(title)s.%(ext)s_Vocals_3.5_decho_748.wav,据说天外的人们会借助这种力量
%(title)s.%(ext)s_Vocals_3.5_decho_749.wav,将过去的风景存入名为光追的水晶
%(title)s.%(ext)s_Vocals_3.5_decho_750.wav,不过人家对记忆的理解也浅尝辄止
%(title)s.%(ext)s_Vocals_3.5_decho_751.wav,没办法完整地复现过去
%(title)s.%(ext)s_Vocals_3.5_decho_752.wav,但我会尽力用讲述代替那些缺失的部分
%(title)s.%(ext)s_Vocals_3.5_decho_753.wav,嗯我相信你一定会满意的
%(title)s.%(ext)s_Vocals_3.5_decho_754.wav,嗯！我相信您一定会满意的，毕竟…迈向未知的前路，从来都是人的本能呀。
%(title)s.%(ext)s_Vocals_3.5_decho_755.wav,这是伙伴遨游星海的第一站
%(title)s.%(ext)s_Vocals_3.5_decho_756.wav,叫做黑塔空间站
%(title)s.%(ext)s_Vocals_3.5_decho_757.wav,嗯就当它是一座超级大的神物树亭吧
%(title)s.%(ext)s_Vocals_3.5_decho_758.wav,那边这段记忆里
%(title)s.%(ext)s_Vocals_3.5_decho_759.wav,他好像在和黑糖女士聊天呢
%(title)s.%(ext)s_Vocals_3.5_decho_760.wav,听听看吧
%(title)s.%(ext)s_Vocals_3.5_decho_761.wav,听听看吧？她是如何看待这个由星神和命途构建的世界……
%(title)s.%(ext)s_Vocals_3.5_decho_762.wav,黑塔女士和罗斯姑母先生被人们称为天才
%(title)s.%(ext)s_Vocals_3.5_decho_763.wav,据说只有银河中最具智慧的人
%(title)s.%(ext)s_Vocals_3.5_decho_764.wav,才能得到翁法罗斯真正的造物主博石尊的青睐
%(title)s.%(ext)s_Vocals_3.5_decho_765.wav,嘿恰恰相反
%(title)s.%(ext)s_Vocals_3.5_decho_766.wav,是他们中的第一位创造了神明呢
%(title)s.%(ext)s_Vocals_3.5_decho_767.wav,但具体细节人家就不清楚了
%(title)s.%(ext)s_Vocals_3.5_decho_768.wav,有机会的话
%(title)s.%(ext)s_Vocals_3.5_decho_769.wav,有机会的话，说不定您可以问问黑塔女士本人。
%(title)s.%(ext)s_Vocals_3.5_decho_770.wav,接下来，让我们再去其他世界看看吧？
%(title)s.%(ext)s_Vocals_3.5_decho_771.wav,和翁法罗斯有不少相似之处呢。
%(title)s.%(ext)s_Vocals_3.5_decho_772.wav,这颗星星叫做雅利洛6号啊
%(title)s.%(ext)s_Vocals_3.5_decho_773.wav,这个名字冷冰冰的
%(title)s.%(ext)s_Vocals_3.5_decho_774.wav,还是贝洛伯格更好听
%(title)s.%(ext)s_Vocals_3.5_decho_775.wav,眼前的女孩身份和凯撒相似
%(title)s.%(ext)s_Vocals_3.5_decho_776.wav,她是这个世界的大守护者
%(title)s.%(ext)s_Vocals_3.5_decho_777.wav,是一位在灾难中挺身而出的领袖
%(title)s.%(ext)s_Vocals_3.5_decho_778.wav,唉只谈论外表
%(title)s.%(ext)s_Vocals_3.5_decho_779.wav,只谈论外表，凯撒也不遑多让呢……
%(title)s.%(ext)s_Vocals_3.5_decho_780.wav,…是啊。
%(title)s.%(ext)s_Vocals_3.5_decho_781.wav,她的名字是是啊对了
%(title)s.%(ext)s_Vocals_3.5_decho_782.wav,地质改造工程单元
%(title)s.%(ext)s_Vocals_3.5_decho_783.wav,这个世界和翁法罗斯很像
%(title)s.%(ext)s_Vocals_3.5_decho_784.wav,也被关在天幕下
%(title)s.%(ext)s_Vocals_3.5_decho_785.wav,直到无名客到来才得以回归群星是的
%(title)s.%(ext)s_Vocals_3.5_decho_786.wav,他们用财富的流通征服了许多世界
%(title)s.%(ext)s_Vocals_3.5_decho_787.wav,开辟了辽阔的疆域
%(title)s.%(ext)s_Vocals_3.5_decho_788.wav,在翁法罗斯之外
%(title)s.%(ext)s_Vocals_3.5_decho_789.wav,有许多这般强大的同盟
%(title)s.%(ext)s_Vocals_3.5_decho_790.wav,他们行于和毁灭截然不同的道路
%(title)s.%(ext)s_Vocals_3.5_decho_791.wav,回到大守护者和他的贝洛伯格
%(title)s.%(ext)s_Vocals_3.5_decho_792.wav,您看他们不也找到了和平走向群星的方法吗
%(title)s.%(ext)s_Vocals_3.5_decho_793.wav,但是，凯撒，贝洛伯格没有您想的那样软弱…不信，您听？
%(title)s.%(ext)s_Vocals_3.5_decho_794.wav,不信你看他们心中仍有尊严
%(title)s.%(ext)s_Vocals_3.5_decho_795.wav,有朝一日
%(title)s.%(ext)s_Vocals_3.5_decho_796.wav,这份希望能融化坚冰
%(title)s.%(ext)s_Vocals_3.5_decho_797.wav,助他们走向繁荣
%(title)s.%(ext)s_Vocals_3.5_decho_798.wav,既然说到了秩序伙伴的一位旅伴
%(title)s.%(ext)s_Vocals_3.5_decho_799.wav,或许能为您带来启发
%(title)s.%(ext)s_Vocals_3.5_decho_800.wav,一起翻开下一页吧？
%(title)s.%(ext)s_Vocals_3.5_decho_801.wav,下一个世界，是梦境的国度。
%(title)s.%(ext)s_Vocals_3.5_decho_802.wav,第一次听说那里的故事时
%(title)s.%(ext)s_Vocals_3.5_decho_803.wav,我可是惊讶到说不出话来
%(title)s.%(ext)s_Vocals_3.5_decho_804.wav,这个世界名叫匹诺康尼
%(title)s.%(ext)s_Vocals_3.5_decho_805.wav,是一座建立在梦途中的永恒之城
%(title)s.%(ext)s_Vocals_3.5_decho_806.wav,这也是伙伴的上一站
%(title)s.%(ext)s_Vocals_3.5_decho_807.wav,那时候他们经历了一番危险
%(title)s.%(ext)s_Vocals_3.5_decho_808.wav,却也激动人心的冒险
%(title)s.%(ext)s_Vocals_3.5_decho_809.wav,匹诺康尼是汇聚一切理想的童鞋之地
%(title)s.%(ext)s_Vocals_3.5_decho_810.wav,他主张不容干涉的自由
%(title)s.%(ext)s_Vocals_3.5_decho_811.wav,因而在声色犬马中步入迷茫
%(title)s.%(ext)s_Vocals_3.5_decho_812.wav,于是你眼前这位少年
%(title)s.%(ext)s_Vocals_3.5_decho_813.wav,选择用秩序的力量谱写律法
%(title)s.%(ext)s_Vocals_3.5_decho_814.wav,希望能在梦中塑造一处绝对幸福的圣地
%(title)s.%(ext)s_Vocals_3.5_decho_815.wav,因为沉沦与美貌是看不到明天的
%(title)s.%(ext)s_Vocals_3.5_decho_816.wav,人们最终选择了从梦中醒来
%(title)s.%(ext)s_Vocals_3.5_decho_817.wav,您看得也很清楚呀。
%(title)s.%(ext)s_Vocals_3.5_decho_818.wav,那您应该知道
%(title)s.%(ext)s_Vocals_3.5_decho_819.wav,在毁灭许诺的世界里
%(title)s.%(ext)s_Vocals_3.5_decho_820.wav,同样没有给人留下余地
%(title)s.%(ext)s_Vocals_3.5_decho_821.wav,那就以最后一幕，为这段记忆之旅画上句号吧。
%(title)s.%(ext)s_Vocals_3.5_decho_822.wav,很漂亮吧
%(title)s.%(ext)s_Vocals_3.5_decho_823.wav,这就是翁法罗斯
%(title)s.%(ext)s_Vocals_3.5_decho_824.wav,很漂亮吧？这就是翁法罗斯。这个世界，就在这条无穷的光带中绵延流淌。
%(title)s.%(ext)s_Vocals_3.5_decho_825.wav,我们虽然在神明的设计中挣扎
%(title)s.%(ext)s_Vocals_3.5_decho_826.wav,尚且不是真正的生命
%(title)s.%(ext)s_Vocals_3.5_decho_827.wav,但翁法罗斯的黄金翼依旧选择同命运抗争
%(title)s.%(ext)s_Vocals_3.5_decho_828.wav,书写了和人无异的神话
%(title)s.%(ext)s_Vocals_3.5_decho_829.wav,凯撒
%(title)s.%(ext)s_Vocals_3.5_decho_830.wav,您真的要否定过去3000万世的英雄们
%(title)s.%(ext)s_Vocals_3.5_decho_831.wav,连同您自己在内屈服于暴虐的命运
%(title)s.%(ext)s_Vocals_3.5_decho_832.wav,让操弄一切的毁灭如愿以偿吗
%(title)s.%(ext)s_Vocals_3.5_decho_833.wav,人家的心思，真是一下子就被凯撒看穿了呀。
%(title)s.%(ext)s_Vocals_3.5_decho_834.wav,于是凯撒完成临终前的致辞
%(title)s.%(ext)s_Vocals_3.5_decho_835.wav,在人生最后踏上神坛的那一刻
%(title)s.%(ext)s_Vocals_3.5_decho_836.wav,他将裁断命运的选择交给了最忠诚的臣子
%(title)s.%(ext)s_Vocals_3.5_decho_837.wav,如同他最初踏上战场时向同胞宣誓
%(title)s.%(ext)s_Vocals_3.5_decho_838.wav,凯撒陨落
%(title)s.%(ext)s_Vocals_3.5_decho_839.wav,有人说那位剑骑绝确实堕落
%(title)s.%(ext)s_Vocals_3.5_decho_840.wav,成为弑君的叛徒
%(title)s.%(ext)s_Vocals_3.5_decho_841.wav,也有人说他将暴君囚禁在浅水中独自离去
%(title)s.%(ext)s_Vocals_3.5_decho_842.wav,如此一来
%(title)s.%(ext)s_Vocals_3.5_decho_843.wav,后者就必须为改写律法而了结自己
%(title)s.%(ext)s_Vocals_3.5_decho_844.wav,有关他死亡的技术层出不穷
%(title)s.%(ext)s_Vocals_3.5_decho_845.wav,如今我们唯一能确信
%(title)s.%(ext)s_Vocals_3.5_decho_846.wav,当骑士从窝心离去
%(title)s.%(ext)s_Vocals_3.5_decho_847.wav,凯撒口中仍在喃喃着他们过去的征服
%(title)s.%(ext)s_Vocals_3.5_decho_848.wav,他生命的起点和终点
%(title)s.%(ext)s_Vocals_3.5_decho_849.wav,最后我忠实地记录下
%(title)s.%(ext)s_Vocals_3.5_decho_850.wav,凯撒生命中最为重要的数场战役
%(title)s.%(ext)s_Vocals_3.5_decho_851.wav,书写至此
%(title)s.%(ext)s_Vocals_3.5_decho_852.wav,征服即将迎来尾声
%(title)s.%(ext)s_Vocals_3.5_decho_853.wav,但不知为何
%(title)s.%(ext)s_Vocals_3.5_decho_854.wav,在我搁笔沉思之际
%(title)s.%(ext)s_Vocals_3.5_decho_855.wav,一段记忆悄然闯入了脑海
%(title)s.%(ext)s_Vocals_3.5_decho_856.wav,那是一场幻想列车之旅
%(title)s.%(ext)s_Vocals_3.5_decho_857.wav,我有幸和凯撒在星空下进行了深入交流
%(title)s.%(ext)s_Vocals_3.5_decho_858.wav,而在那场对话的最后
%(title)s.%(ext)s_Vocals_3.5_decho_859.wav,我向他问了这样一个问题
%(title)s.%(ext)s_Vocals_3.5_decho_860.wav,您希望后人如何记住自己？为逐火献身的英雄…还是一位暴君？
%(title)s.%(ext)s_Vocals_3.5_decho_861.wav,还是一位暴君
%(title)s.%(ext)s_Vocals_3.5_decho_862.wav,他几乎没有思考
%(title)s.%(ext)s_Vocals_3.5_decho_863.wav,答得斩钉截铁
%(title)s.%(ext)s_Vocals_3.5_decho_864.wav,凯撒口中喃喃着他的征服城中
%(title)s.%(ext)s_Vocals_3.5_decho_865.wav,他的死讯已然传扬开来
%(title)s.%(ext)s_Vocals_3.5_decho_866.wav,凯撒用自己的生命改写了何种律烈
%(title)s.%(ext)s_Vocals_3.5_decho_867.wav,如今我们尚不得而知
%(title)s.%(ext)s_Vocals_3.5_decho_868.wav,或许如同凯撒的每一局对弈
%(title)s.%(ext)s_Vocals_3.5_decho_869.wav,真相只会在将军的那一刻揭示
%(title)s.%(ext)s_Vocals_3.5_decho_870.wav,但他的死令奥赫玛为之沸腾
%(title)s.%(ext)s_Vocals_3.5_decho_871.wav,城墙这边捍卫自由的人们将纪念碑推倒在地
%(title)s.%(ext)s_Vocals_3.5_decho_872.wav,另一边凯撒的拥护者挡在他的雕像前
%(title)s.%(ext)s_Vocals_3.5_decho_873.wav,竭力宣告皇帝还站在人群中央
%(title)s.%(ext)s_Vocals_3.5_decho_874.wav,据说在他们争斗的每一处金血
%(title)s.%(ext)s_Vocals_3.5_decho_875.wav,都汇聚成了同样的铭文
%(title)s.%(ext)s_Vocals_3.5_decho_876.wav,还是那个名字
%(title)s.%(ext)s_Vocals_3.5_decho_877.wav,他属于奥赫玛
%(title)s.%(ext)s_Vocals_3.5_decho_878.wav,最初亦是最后的君主
%(title)s.%(ext)s_Vocals_3.5_decho_879.wav,凯撒克吕德拉
%(title)s.%(ext)s_Vocals_3.5_decho_880.wav,名字的主人并没有看到这一切
%(title)s.%(ext)s_Vocals_3.5_decho_881.wav,他的视线投向远方
%(title)s.%(ext)s_Vocals_3.5_decho_882.wav,耳边的涛声盖过了人们的呐喊
%(title)s.%(ext)s_Vocals_3.5_decho_883.wav,在这预言中的天地境界之海
%(title)s.%(ext)s_Vocals_3.5_decho_884.wav,一汪浅浅的死水里
%(title)s.%(ext)s_Vocals_3.5_decho_885.wav,凯撒在思考什么呢
%(title)s.%(ext)s_Vocals_3.5_decho_886.wav,他在怀念往日的征服
%(title)s.%(ext)s_Vocals_3.5_decho_887.wav,还是在为逐火征程中罹难的千千万万同胞忏悔
%(title)s.%(ext)s_Vocals_3.5_decho_888.wav,都不是
%(title)s.%(ext)s_Vocals_3.5_decho_889.wav,凯撒
%(title)s.%(ext)s_Vocals_3.5_decho_890.wav,只看到水面波光粼粼
%(title)s.%(ext)s_Vocals_3.5_decho_891.wav,像极了恩师首都同自己对弈的那个下午
%(title)s.%(ext)s_Vocals_3.5_decho_892.wav,那面由日影分界的粗粒棋盘
